--
-- PostgreSQL database dump
--

-- Dumped from database version 10.10 (Ubuntu 10.10-0ubuntu0.18.04.1)
-- Dumped by pg_dump version 10.10 (Ubuntu 10.10-0ubuntu0.18.04.1)

SET statement_timeout = 0;
SET lock_timeout = 0;
SET idle_in_transaction_session_timeout = 0;
SET client_encoding = 'UTF8';
SET standard_conforming_strings = on;
SELECT pg_catalog.set_config('search_path', '', false);
SET check_function_bodies = false;
SET xmloption = content;
SET client_min_messages = warning;
SET row_security = off;

--
-- Name: plpgsql; Type: EXTENSION; Schema: -; Owner: 
--

CREATE EXTENSION IF NOT EXISTS plpgsql WITH SCHEMA pg_catalog;


--
-- Name: EXTENSION plpgsql; Type: COMMENT; Schema: -; Owner: 
--

COMMENT ON EXTENSION plpgsql IS 'PL/pgSQL procedural language';


SET default_tablespace = '';

SET default_with_oids = false;

--
-- Name: companies; Type: TABLE; Schema: public; Owner: vagrant
--

CREATE TABLE public.companies (
    ticker character varying(4) NOT NULL,
    name character varying NOT NULL
);


ALTER TABLE public.companies OWNER TO vagrant;

--
-- Name: daily_prices; Type: TABLE; Schema: public; Owner: vagrant
--

CREATE TABLE public.daily_prices (
    price_id integer NOT NULL,
    ticker character varying(4),
    date timestamp without time zone,
    open_p double precision,
    high_p double precision,
    low_p double precision,
    close_p double precision,
    volume_p double precision
);


ALTER TABLE public.daily_prices OWNER TO vagrant;

--
-- Name: daily_prices_price_id_seq; Type: SEQUENCE; Schema: public; Owner: vagrant
--

CREATE SEQUENCE public.daily_prices_price_id_seq
    AS integer
    START WITH 1
    INCREMENT BY 1
    NO MINVALUE
    NO MAXVALUE
    CACHE 1;


ALTER TABLE public.daily_prices_price_id_seq OWNER TO vagrant;

--
-- Name: daily_prices_price_id_seq; Type: SEQUENCE OWNED BY; Schema: public; Owner: vagrant
--

ALTER SEQUENCE public.daily_prices_price_id_seq OWNED BY public.daily_prices.price_id;


--
-- Name: user_companies; Type: TABLE; Schema: public; Owner: vagrant
--

CREATE TABLE public.user_companies (
    user_comp_id integer NOT NULL,
    user_id integer,
    ticker character varying(10)
);


ALTER TABLE public.user_companies OWNER TO vagrant;

--
-- Name: user_companies_user_comp_id_seq; Type: SEQUENCE; Schema: public; Owner: vagrant
--

CREATE SEQUENCE public.user_companies_user_comp_id_seq
    AS integer
    START WITH 1
    INCREMENT BY 1
    NO MINVALUE
    NO MAXVALUE
    CACHE 1;


ALTER TABLE public.user_companies_user_comp_id_seq OWNER TO vagrant;

--
-- Name: user_companies_user_comp_id_seq; Type: SEQUENCE OWNED BY; Schema: public; Owner: vagrant
--

ALTER SEQUENCE public.user_companies_user_comp_id_seq OWNED BY public.user_companies.user_comp_id;


--
-- Name: users; Type: TABLE; Schema: public; Owner: vagrant
--

CREATE TABLE public.users (
    user_id integer NOT NULL,
    fname character varying(20),
    lname character varying(20),
    email character varying(30),
    password character varying
);


ALTER TABLE public.users OWNER TO vagrant;

--
-- Name: users_user_id_seq; Type: SEQUENCE; Schema: public; Owner: vagrant
--

CREATE SEQUENCE public.users_user_id_seq
    AS integer
    START WITH 1
    INCREMENT BY 1
    NO MINVALUE
    NO MAXVALUE
    CACHE 1;


ALTER TABLE public.users_user_id_seq OWNER TO vagrant;

--
-- Name: users_user_id_seq; Type: SEQUENCE OWNED BY; Schema: public; Owner: vagrant
--

ALTER SEQUENCE public.users_user_id_seq OWNED BY public.users.user_id;


--
-- Name: daily_prices price_id; Type: DEFAULT; Schema: public; Owner: vagrant
--

ALTER TABLE ONLY public.daily_prices ALTER COLUMN price_id SET DEFAULT nextval('public.daily_prices_price_id_seq'::regclass);


--
-- Name: user_companies user_comp_id; Type: DEFAULT; Schema: public; Owner: vagrant
--

ALTER TABLE ONLY public.user_companies ALTER COLUMN user_comp_id SET DEFAULT nextval('public.user_companies_user_comp_id_seq'::regclass);


--
-- Name: users user_id; Type: DEFAULT; Schema: public; Owner: vagrant
--

ALTER TABLE ONLY public.users ALTER COLUMN user_id SET DEFAULT nextval('public.users_user_id_seq'::regclass);


--
-- Data for Name: companies; Type: TABLE DATA; Schema: public; Owner: vagrant
--

COPY public.companies (ticker, name) FROM stdin;
MSFT	Microsoft
PYPl	PayPal
NVDA	Nvidia
CRM	Salesforce
TWLO	Twilio
AAPL	Apple
\.


--
-- Data for Name: daily_prices; Type: TABLE DATA; Schema: public; Owner: vagrant
--

COPY public.daily_prices (price_id, ticker, date, open_p, high_p, low_p, close_p, volume_p) FROM stdin;
1	MSFT	2019-11-06 00:00:00	144.370000000000005	144.52000000000001	143.199999999999989	144.060000000000002	14984076
2	MSFT	2019-11-05 00:00:00	144.969999999999999	145.02000000000001	143.909999999999997	144.460000000000008	18221500
3	MSFT	2019-11-04 00:00:00	144.830000000000013	145	144.159999999999997	144.550000000000011	16858600
4	MSFT	2019-11-01 00:00:00	144.259999999999991	144.419999999999987	142.969999999999999	143.719999999999999	33119200
5	MSFT	2019-10-31 00:00:00	144.900000000000006	144.930000000000007	142.990000000000009	143.370000000000005	24596200
6	MSFT	2019-10-30 00:00:00	143.52000000000001	145	142.789999999999992	144.610000000000014	18471700
7	MSFT	2019-10-29 00:00:00	144.080000000000013	144.5	142.650000000000006	142.830000000000013	20519700
8	MSFT	2019-10-28 00:00:00	144.400000000000006	145.669999999999987	143.509999999999991	144.189999999999998	35280100
9	MSFT	2019-10-25 00:00:00	139.340000000000003	141.139999999999986	139.199999999999989	140.72999999999999	25274600
10	MSFT	2019-10-24 00:00:00	139.389999999999986	140.419999999999987	138.669999999999987	139.939999999999998	37029300
11	MSFT	2019-10-23 00:00:00	136.879999999999995	137.449999999999989	135.610000000000014	137.240000000000009	29844600
12	MSFT	2019-10-22 00:00:00	138.969999999999999	140.009999999999991	136.259999999999991	136.370000000000005	27431000
13	MSFT	2019-10-21 00:00:00	138.449999999999989	138.5	137.009999999999991	138.430000000000007	20078200
14	MSFT	2019-10-18 00:00:00	139.759999999999991	140	136.560000000000002	137.409999999999997	32273500
15	MSFT	2019-10-17 00:00:00	140.949999999999989	141.419999999999987	139.02000000000001	139.689999999999998	21460600
16	MSFT	2019-10-16 00:00:00	140.789999999999992	140.990000000000009	139.530000000000001	140.409999999999997	20751600
17	MSFT	2019-10-15 00:00:00	140.060000000000002	141.789999999999992	139.810000000000002	141.569999999999993	19695700
18	MSFT	2019-10-14 00:00:00	139.689999999999998	140.289999999999992	139.52000000000001	139.550000000000011	13304300
19	MSFT	2019-10-11 00:00:00	140.120000000000005	141.030000000000001	139.5	139.680000000000007	25446000
20	MSFT	2019-10-10 00:00:00	138.490000000000009	139.669999999999987	138.25	139.099999999999994	17654600
21	MSFT	2019-10-09 00:00:00	137.460000000000008	138.699999999999989	136.969999999999999	138.240000000000009	19749900
22	MSFT	2019-10-08 00:00:00	137.080000000000013	137.759999999999991	135.620000000000005	135.669999999999987	25550500
23	MSFT	2019-10-07 00:00:00	137.139999999999986	138.180000000000007	137.02000000000001	137.120000000000005	15303700
24	MSFT	2019-10-04 00:00:00	136.75	138.25	136.419999999999987	138.120000000000005	22897700
25	MSFT	2019-10-03 00:00:00	134.949999999999989	136.75	133.219999999999999	136.280000000000001	24132900
26	MSFT	2019-10-02 00:00:00	136.25	136.370000000000005	133.580000000000013	134.650000000000006	30521700
27	MSFT	2019-10-01 00:00:00	139.659999999999997	140.25	137	137.069999999999993	21466600
28	MSFT	2019-09-30 00:00:00	138.050000000000011	139.219999999999999	137.780000000000001	139.030000000000001	17280900
29	MSFT	2019-09-27 00:00:00	140.150000000000006	140.360000000000014	136.650000000000006	137.72999999999999	22477700
30	MSFT	2019-09-26 00:00:00	139.439999999999998	140.180000000000007	138.439999999999998	139.539999999999992	17456600
31	MSFT	2019-09-25 00:00:00	137.5	139.960000000000008	136.030000000000001	139.360000000000014	21382000
32	MSFT	2019-09-24 00:00:00	140.360000000000014	140.689999999999998	136.879999999999995	137.379999999999995	29773200
33	MSFT	2019-09-23 00:00:00	139.22999999999999	139.629999999999995	138.439999999999998	139.139999999999986	17139300
34	MSFT	2019-09-20 00:00:00	141.009999999999991	141.650000000000006	138.25	139.439999999999998	39167300
35	MSFT	2019-09-19 00:00:00	140.300000000000011	142.370000000000005	140.069999999999993	141.069999999999993	35772100
36	MSFT	2019-09-18 00:00:00	137.360000000000014	138.669999999999987	136.530000000000001	138.52000000000001	23982100
37	MSFT	2019-09-17 00:00:00	136.960000000000008	137.52000000000001	136.430000000000007	137.389999999999986	17814200
38	MSFT	2019-09-16 00:00:00	135.830000000000013	136.699999999999989	135.659999999999997	136.330000000000013	16731400
39	MSFT	2019-09-13 00:00:00	137.780000000000001	138.060000000000002	136.569999999999993	137.319999999999993	23363100
40	MSFT	2019-09-12 00:00:00	137.849999999999994	138.419999999999987	136.870000000000005	137.52000000000001	27010000
41	MSFT	2019-09-11 00:00:00	135.909999999999997	136.27000000000001	135.090000000000003	136.120000000000005	24726100
42	MSFT	2019-09-10 00:00:00	136.800000000000011	136.889999999999986	134.509999999999991	136.080000000000013	28903400
43	MSFT	2019-09-09 00:00:00	139.590000000000003	139.75	136.460000000000008	137.52000000000001	25773900
44	MSFT	2019-09-06 00:00:00	140.030000000000001	140.180000000000007	138.199999999999989	139.099999999999994	20824500
45	MSFT	2019-09-05 00:00:00	139.110000000000014	140.379999999999995	138.759999999999991	140.050000000000011	26101800
46	MSFT	2019-09-04 00:00:00	137.300000000000011	137.689999999999998	136.47999999999999	137.629999999999995	17995900
47	MSFT	2019-09-03 00:00:00	136.610000000000014	137.199999999999989	135.699999999999989	136.039999999999992	18869300
48	MSFT	2019-08-30 00:00:00	139.150000000000006	139.180000000000007	136.27000000000001	137.860000000000014	23940100
49	MSFT	2019-08-29 00:00:00	137.25	138.439999999999998	136.909999999999997	138.120000000000005	20168700
50	MSFT	2019-08-28 00:00:00	134.879999999999995	135.759999999999991	133.550000000000011	135.560000000000002	17393300
51	MSFT	2019-08-27 00:00:00	136.389999999999986	136.719999999999999	134.659999999999997	135.740000000000009	23102100
52	MSFT	2019-08-26 00:00:00	134.990000000000009	135.560000000000002	133.900000000000006	135.449999999999989	20312600
53	MSFT	2019-08-23 00:00:00	137.189999999999998	138.349999999999994	132.800000000000011	133.389999999999986	38508600
54	MSFT	2019-08-22 00:00:00	138.659999999999997	139.199999999999989	136.289999999999992	137.780000000000001	18697000
55	MSFT	2019-08-21 00:00:00	138.550000000000011	139.490000000000009	138	138.789999999999992	14970300
56	MSFT	2019-08-20 00:00:00	138.210000000000008	138.710000000000008	137.240000000000009	137.259999999999991	21170800
57	MSFT	2019-08-19 00:00:00	137.849999999999994	138.550000000000011	136.889999999999986	138.409999999999997	24355700
58	MSFT	2019-08-16 00:00:00	134.879999999999995	136.460000000000008	134.719999999999999	136.129999999999995	24449100
59	MSFT	2019-08-15 00:00:00	134.389999999999986	134.580000000000013	132.25	133.680000000000007	28074400
60	MSFT	2019-08-14 00:00:00	136.360000000000014	136.919999999999987	133.669999999999987	133.97999999999999	32527300
61	MSFT	2019-08-13 00:00:00	136.050000000000011	138.800000000000011	135	138.599999999999994	25154600
62	MSFT	2019-08-12 00:00:00	137.069999999999993	137.860000000000014	135.240000000000009	135.789999999999992	20484300
63	MSFT	2019-08-09 00:00:00	138.610000000000014	139.379999999999995	136.460000000000008	137.710000000000008	23466700
64	MSFT	2019-08-08 00:00:00	136.599999999999994	138.990000000000009	135.930000000000007	138.889999999999986	27496500
65	MSFT	2019-08-07 00:00:00	133.789999999999992	135.650000000000006	131.828000000000003	135.280000000000001	33414500
66	MSFT	2019-08-06 00:00:00	133.800000000000011	135.680000000000007	133.210000000000008	134.689999999999998	32696700
67	MSFT	2019-08-05 00:00:00	133.300000000000011	133.930000000000007	130.780000000000001	132.210000000000008	42749600
68	MSFT	2019-08-02 00:00:00	138.090000000000003	138.319999999999993	135.259999999999991	136.900000000000006	30791600
69	MSFT	2019-08-01 00:00:00	137	140.939999999999998	136.930000000000007	138.060000000000002	40557500
70	MSFT	2019-07-31 00:00:00	140.330000000000013	140.490000000000009	135.080000000000013	136.27000000000001	38598800
71	MSFT	2019-07-30 00:00:00	140.139999999999986	141.219999999999999	139.800000000000011	140.349999999999994	16846500
72	MSFT	2019-07-29 00:00:00	141.5	141.509999999999991	139.370000000000005	141.030000000000001	16605900
73	MSFT	2019-07-26 00:00:00	140.370000000000005	141.680000000000007	140.300000000000011	141.340000000000003	19037600
74	MSFT	2019-07-25 00:00:00	140.430000000000007	140.610000000000014	139.319999999999993	140.189999999999998	18356900
75	MSFT	2019-07-24 00:00:00	138.896800000000013	140.740000000000009	138.849999999999994	140.719999999999999	20738300
76	MSFT	2019-07-23 00:00:00	139.759999999999991	139.990000000000009	138.030000000000001	139.289999999999992	18034600
77	MSFT	2019-07-22 00:00:00	137.409999999999997	139.189999999999998	137.330000000000013	138.430000000000007	25074900
78	MSFT	2019-07-19 00:00:00	140.219999999999999	140.669999999999987	136.449999999999989	136.620000000000005	48992400
79	MSFT	2019-07-18 00:00:00	135.550000000000011	136.620000000000005	134.669999999999987	136.419999999999987	30381800
80	MSFT	2019-07-17 00:00:00	137.699999999999989	137.930000000000007	136.219999999999999	136.27000000000001	20211000
81	MSFT	2019-07-16 00:00:00	138.960000000000008	139.050000000000011	136.52000000000001	137.080000000000013	22726100
82	MSFT	2019-07-15 00:00:00	139.439999999999998	139.539999999999992	138.460000000000008	138.900000000000006	16651500
83	MSFT	2019-07-12 00:00:00	138.849999999999994	139.129999999999995	138.009999999999991	138.900000000000006	18936800
84	MSFT	2019-07-11 00:00:00	138.199999999999989	139.219999999999999	137.870000000000005	138.400000000000006	22327900
85	MSFT	2019-07-10 00:00:00	137.129999999999995	138.580000000000013	137.02000000000001	137.849999999999994	24204400
86	MSFT	2019-07-09 00:00:00	136	136.969999999999999	135.800000000000011	136.460000000000008	19953100
87	MSFT	2019-07-08 00:00:00	136.400000000000006	137.099999999999994	135.370000000000005	136.960000000000008	16779700
88	MSFT	2019-07-05 00:00:00	135.939999999999998	137.330000000000013	135.719999999999999	137.060000000000002	18141100
89	MSFT	2019-07-03 00:00:00	136.800000000000011	137.740000000000009	136.294999999999987	137.460000000000008	13629300
90	MSFT	2019-07-02 00:00:00	136.120000000000005	136.590000000000003	135.329100000000011	136.580000000000013	15237800
91	MSFT	2019-07-01 00:00:00	136.629999999999995	136.699999999999989	134.969999999999999	135.680000000000007	22613500
92	MSFT	2019-06-28 00:00:00	134.569999999999993	134.599999999999994	133.156000000000006	133.960000000000008	30043000
93	MSFT	2019-06-27 00:00:00	134.139999999999986	134.710000000000008	133.509999999999991	134.150000000000006	16557500
94	MSFT	2019-06-26 00:00:00	134.349999999999994	135.732699999999994	133.599999999999994	133.930000000000007	23657700
95	MSFT	2019-06-25 00:00:00	137.25	137.590000000000003	132.72999999999999	133.430000000000007	33327400
96	MSFT	2019-06-24 00:00:00	137	138.400000000000006	137	137.780000000000001	20628800
97	MSFT	2019-06-21 00:00:00	136.580000000000013	137.72999999999999	136.460000000000008	136.969999999999999	36727900
98	MSFT	2019-06-20 00:00:00	137.449999999999989	137.659999999999997	135.719999999999999	136.949999999999989	33042600
99	MSFT	2019-06-19 00:00:00	135	135.930000000000007	133.810000000000002	135.689999999999998	23744400
100	MSFT	2019-06-18 00:00:00	134.189999999999998	135.240000000000009	133.569999999999993	135.159999999999997	25934500
101	MSFT	2019-06-17 00:00:00	132.629999999999995	133.72999999999999	132.530000000000001	132.849999999999994	14517800
102	MSFT	2019-06-14 00:00:00	132.259999999999991	133.789999999999992	131.639999999999986	132.449999999999989	17821700
103	MSFT	2019-06-13 00:00:00	131.97999999999999	132.669999999999987	131.560000000000002	132.319999999999993	17200800
104	MSFT	2019-06-12 00:00:00	131.400000000000006	131.969999999999999	130.710000000000008	131.490000000000009	17092500
105	MSFT	2019-06-11 00:00:00	133.879999999999995	134.240000000000009	131.27600000000001	132.099999999999994	23913700
106	MSFT	2019-06-10 00:00:00	132.400000000000006	134.080000000000013	132	132.599999999999994	26477100
107	MSFT	2019-06-07 00:00:00	129.190300000000008	132.25	128.259999999999991	131.400000000000006	33885600
108	MSFT	2019-06-06 00:00:00	126.439999999999998	127.969999999999999	125.599999999999994	127.819999999999993	21459000
109	MSFT	2019-06-05 00:00:00	124.950000000000003	125.870000000000005	124.209999999999994	125.829999999999998	24926100
110	MSFT	2019-06-04 00:00:00	121.280000000000001	123.280000000000001	120.652000000000001	123.159999999999997	29382600
111	MSFT	2019-06-03 00:00:00	123.849999999999994	124.370000000000005	119.010000000000005	119.840000000000003	37983600
112	MSFT	2019-05-31 00:00:00	124.230000000000004	124.614999999999995	123.319999999999993	123.680000000000007	26646800
113	MSFT	2019-05-30 00:00:00	125.260999999999996	125.760000000000005	124.780000000000001	125.730000000000004	16829600
114	MSFT	2019-05-29 00:00:00	125.379999999999995	125.390000000000001	124.040000000000006	124.939999999999998	22763100
115	MSFT	2019-05-28 00:00:00	126.980000000000004	128	126.049999999999997	126.159999999999997	23128400
116	MSFT	2019-05-24 00:00:00	126.909999999999997	127.415000000000006	125.969999999999999	126.239999999999995	14123400
117	MSFT	2019-05-23 00:00:00	126.200000000000003	126.290000000000006	124.739999999999995	126.180000000000007	23603800
118	MSFT	2019-05-22 00:00:00	126.620000000000005	128.240000000000009	126.529300000000006	127.670000000000002	15396500
119	MSFT	2019-05-21 00:00:00	127.430000000000007	127.527000000000001	126.579999999999998	126.900000000000006	15293300
120	MSFT	2019-05-20 00:00:00	126.519999999999996	127.588999999999999	125.760999999999996	126.219999999999999	23706900
121	MSFT	2019-05-17 00:00:00	128.305000000000007	130.460000000000008	127.920000000000002	128.069999999999993	25770500
122	MSFT	2019-05-16 00:00:00	126.75	129.379999999999995	126.459999999999994	128.930000000000007	30112200
123	MSFT	2019-05-15 00:00:00	124.260000000000005	126.711500000000001	123.700000000000003	126.019999999999996	24722700
124	MSFT	2019-05-14 00:00:00	123.870000000000005	125.879999999999995	123.700000000000003	124.730000000000004	25266300
125	MSFT	2019-05-13 00:00:00	124.109999999999999	125.549999999999997	123.040000000000006	123.349999999999994	33944900
126	MSFT	2019-05-10 00:00:00	124.917199999999994	127.930000000000007	123.819999999999993	127.129999999999995	30915100
127	MSFT	2019-05-09 00:00:00	124.295000000000002	125.790000000000006	123.569999999999993	125.5	27235800
128	MSFT	2019-05-08 00:00:00	125.439999999999998	126.370000000000005	124.75	125.510000000000005	28419000
129	MSFT	2019-05-07 00:00:00	126.459999999999994	127.180000000000007	124.219999999999999	125.519999999999996	36017700
130	MSFT	2019-05-06 00:00:00	126.390000000000001	128.560000000000002	126.108400000000003	128.150000000000006	24239800
131	MSFT	2019-05-03 00:00:00	127.359999999999999	129.430000000000007	127.25	128.900000000000006	24911100
132	MSFT	2019-05-02 00:00:00	127.980000000000004	128	125.519999999999996	126.209999999999994	27350200
133	MSFT	2019-05-01 00:00:00	130.530000000000001	130.650000000000006	127.700000000000003	127.879999999999995	26821700
134	MSFT	2019-04-30 00:00:00	129.810000000000002	130.699999999999989	129.39500000000001	130.599999999999994	24166500
135	MSFT	2019-04-29 00:00:00	129.900000000000006	130.180000000000007	129.349999999999994	129.77000000000001	16324200
136	MSFT	2019-04-26 00:00:00	129.699999999999989	130.514999999999986	129.02000000000001	129.889999999999986	23654900
137	MSFT	2019-04-25 00:00:00	130.060000000000002	131.370000000000005	128.830000000000013	129.150000000000006	38033900
138	MSFT	2019-04-24 00:00:00	125.790000000000006	125.849999999999994	124.519999999999996	125.010000000000005	31257000
139	MSFT	2019-04-23 00:00:00	124.099999999999994	125.579999999999998	123.829999999999998	125.439999999999998	24025500
140	MSFT	2019-04-22 00:00:00	122.620000000000005	124	122.569999999999993	123.760000000000005	15648700
141	MSFT	2019-04-18 00:00:00	122.189999999999998	123.519999999999996	121.302000000000007	123.370000000000005	27991000
142	MSFT	2019-04-17 00:00:00	121.239999999999995	121.849999999999994	120.546800000000005	121.769999999999996	19300900
143	MSFT	2019-04-16 00:00:00	121.640000000000001	121.643000000000001	120.099999999999994	120.769999999999996	14071800
144	MSFT	2019-04-15 00:00:00	120.939999999999998	121.579999999999998	120.569999999999993	121.049999999999997	15792600
145	MSFT	2019-04-12 00:00:00	120.640000000000001	120.980000000000004	120.370000000000005	120.950000000000003	19745100
146	MSFT	2019-04-11 00:00:00	120.540000000000006	120.851500000000001	119.920000000000002	120.329999999999998	14209100
147	MSFT	2019-04-10 00:00:00	119.760000000000005	120.349999999999994	119.540000000000006	120.189999999999998	16477200
148	MSFT	2019-04-09 00:00:00	118.629999999999995	119.540000000000006	118.577399999999997	119.280000000000001	17612000
149	MSFT	2019-04-08 00:00:00	119.810000000000002	120.019999999999996	118.640000000000001	119.930000000000007	15116200
150	MSFT	2019-04-05 00:00:00	119.390000000000001	120.230000000000004	119.370000000000005	119.890000000000001	15826200
151	MSFT	2019-04-04 00:00:00	120.099999999999994	120.230000000000004	118.379999999999995	119.359999999999999	20112800
152	MSFT	2019-04-03 00:00:00	119.859999999999999	120.430000000000007	119.150000000000006	119.969999999999999	22860700
153	MSFT	2019-04-02 00:00:00	119.060000000000002	119.480000000000004	118.519999999999996	119.189999999999998	18142300
154	MSFT	2019-04-01 00:00:00	118.950000000000003	119.108999999999995	118.099999999999994	119.019999999999996	22789100
155	MSFT	2019-03-29 00:00:00	118.069999999999993	118.319999999999993	116.959999999999994	117.939999999999998	25399800
156	MSFT	2019-03-28 00:00:00	117.433000000000007	117.579999999999998	116.129999999999995	116.930000000000007	18334800
157	MSFT	2019-03-27 00:00:00	117.875	118.209999999999994	115.522000000000006	116.769999999999996	22733400
158	MSFT	2019-03-26 00:00:00	118.620000000000005	118.704999999999998	116.846800000000002	117.909999999999997	26097700
159	MSFT	2019-03-25 00:00:00	116.560000000000002	118.010000000000005	116.322000000000003	117.659999999999997	27067100
160	MSFT	2019-03-22 00:00:00	119.5	119.590000000000003	117.040000000000006	117.049999999999997	33624500
161	MSFT	2019-03-21 00:00:00	117.135000000000005	120.819999999999993	117.090000000000003	120.219999999999999	29854400
162	MSFT	2019-03-20 00:00:00	117.390000000000001	118.75	116.709999999999994	117.519999999999996	28113300
163	MSFT	2019-03-19 00:00:00	118.090000000000003	118.439999999999998	116.989999999999995	117.650000000000006	37588700
164	MSFT	2019-03-18 00:00:00	116.170000000000002	117.609999999999999	116.050200000000004	117.569999999999993	31207600
165	MSFT	2019-03-15 00:00:00	115.340000000000003	117.254400000000004	114.590000000000003	115.909999999999997	54681100
166	MSFT	2019-03-14 00:00:00	114.540000000000006	115.200000000000003	114.329999999999998	114.590000000000003	30763400
167	MSFT	2019-03-13 00:00:00	114.129999999999995	115	113.780000000000001	114.5	35513800
168	MSFT	2019-03-12 00:00:00	112.819999999999993	113.989999999999995	112.650000000000006	113.620000000000005	26132700
169	MSFT	2019-03-11 00:00:00	110.989999999999995	112.942300000000003	110.980000000000004	112.829999999999998	26491600
170	MSFT	2019-03-08 00:00:00	109.165999999999997	110.709999999999994	108.799999999999997	110.510000000000005	22818400
171	MSFT	2019-03-07 00:00:00	111.400000000000006	111.549999999999997	109.863200000000006	110.390000000000001	25339000
172	MSFT	2019-03-06 00:00:00	111.870000000000005	112.659999999999997	111.430000000000007	111.75	17687000
173	MSFT	2019-03-05 00:00:00	112.25	112.390000000000001	111.230000000000004	111.700000000000003	19538300
174	MSFT	2019-03-04 00:00:00	113.019999999999996	113.25	110.799999999999997	112.260000000000005	26608000
175	MSFT	2019-03-01 00:00:00	112.890000000000001	113.019999999999996	111.665000000000006	112.530000000000001	23501200
176	MSFT	2019-02-28 00:00:00	112.040000000000006	112.879999999999995	111.730000000000004	112.030000000000001	29083900
177	MSFT	2019-02-27 00:00:00	111.689999999999998	112.359999999999999	110.879999999999995	112.170000000000002	21487100
178	MSFT	2019-02-26 00:00:00	111.260000000000005	113.239999999999995	111.170000000000002	112.359999999999999	21536700
179	MSFT	2019-02-25 00:00:00	111.760000000000005	112.180000000000007	111.260000000000005	111.590000000000003	23750600
180	MSFT	2019-02-22 00:00:00	110.049999999999997	111.200000000000003	109.819999999999993	110.969999999999999	27763200
181	MSFT	2019-02-21 00:00:00	106.900000000000006	109.480000000000004	106.870000000000005	109.409999999999997	29063200
182	MSFT	2019-02-20 00:00:00	107.859999999999999	107.939999999999998	106.290000000000006	107.150000000000006	21607700
183	MSFT	2019-02-19 00:00:00	107.790000000000006	108.659999999999997	107.780000000000001	108.170000000000002	18038500
184	MSFT	2019-02-15 00:00:00	107.909999999999997	108.299999999999997	107.361999999999995	108.219999999999999	26606900
185	MSFT	2019-02-14 00:00:00	106.310000000000002	107.290000000000006	105.659999999999997	106.900000000000006	21784700
186	MSFT	2019-02-13 00:00:00	107.5	107.780000000000001	106.709999999999994	106.810000000000002	18394900
187	MSFT	2019-02-12 00:00:00	106.140000000000001	107.140000000000001	105.480000000000004	106.890000000000001	25056600
188	MSFT	2019-02-11 00:00:00	106.200000000000003	106.581699999999998	104.965000000000003	105.25	18914100
189	MSFT	2019-02-08 00:00:00	104.390000000000001	105.780000000000001	104.260000000000005	105.670000000000002	21461100
190	MSFT	2019-02-07 00:00:00	105.189099999999996	105.590000000000003	104.290000000000006	105.269999999999996	29760700
191	MSFT	2019-02-06 00:00:00	107	107	105.530000000000001	106.030000000000001	20609800
192	MSFT	2019-02-05 00:00:00	106.060000000000002	107.269999999999996	105.959999999999994	107.219999999999999	27325400
193	MSFT	2019-02-04 00:00:00	102.870000000000005	105.801699999999997	102.769999999999996	105.739999999999995	31315100
194	MSFT	2019-02-01 00:00:00	103.775000000000006	104.104600000000005	102.349999999999994	102.780000000000001	35535700
195	MSFT	2019-01-31 00:00:00	103.799999999999997	105.219999999999999	103.180000000000007	104.430000000000007	55636400
196	MSFT	2019-01-30 00:00:00	104.620000000000005	106.385499999999993	104.329999999999998	106.379999999999995	49471900
197	MSFT	2019-01-29 00:00:00	104.879999999999995	104.969999999999999	102.170000000000002	102.939999999999998	31490500
198	MSFT	2019-01-28 00:00:00	106.260000000000005	106.484800000000007	104.659999999999997	105.079999999999998	29476700
199	MSFT	2019-01-25 00:00:00	107.239999999999995	107.879999999999995	106.590000000000003	107.170000000000002	31225600
200	MSFT	2019-01-24 00:00:00	106.859999999999999	107	105.340000000000003	106.200000000000003	23164800
201	MSFT	2019-01-23 00:00:00	106.120000000000005	107.040000000000006	105.340000000000003	106.709999999999994	25874300
202	MSFT	2019-01-22 00:00:00	106.75	107.099999999999994	104.859999999999999	105.680000000000007	32371300
203	MSFT	2019-01-18 00:00:00	107.459999999999994	107.900000000000006	105.909999999999997	107.709999999999994	37427600
204	MSFT	2019-01-17 00:00:00	105	106.625	104.760000000000005	106.120000000000005	28393000
205	MSFT	2019-01-16 00:00:00	105.260000000000005	106.254999999999995	104.959800000000001	105.379999999999995	29853900
206	MSFT	2019-01-15 00:00:00	102.510000000000005	105.049999999999997	101.879999999999995	105.010000000000005	31587600
207	MSFT	2019-01-14 00:00:00	101.900000000000006	102.872	101.260000000000005	102.049999999999997	28437100
208	MSFT	2019-01-11 00:00:00	103.189999999999998	103.439999999999998	101.640000000000001	102.799999999999997	28314200
209	MSFT	2019-01-10 00:00:00	103.219999999999999	103.75	102.379999999999995	103.599999999999994	30067600
210	MSFT	2019-01-09 00:00:00	103.859999999999999	104.879999999999995	103.245000000000005	104.269999999999996	32280800
211	MSFT	2019-01-08 00:00:00	103.040000000000006	103.969999999999999	101.712999999999994	102.799999999999997	31514400
212	MSFT	2019-01-07 00:00:00	101.640000000000001	103.268000000000001	100.980000000000004	102.060000000000002	35656100
213	MSFT	2019-01-04 00:00:00	99.7199999999999989	102.510000000000005	98.9300000000000068	101.930000000000007	44060600
214	MSFT	2019-01-03 00:00:00	100.099999999999994	100.185000000000002	97.2000000000000028	97.4000000000000057	42579100
215	MSFT	2019-01-02 00:00:00	99.5499999999999972	101.75	98.9399999999999977	101.120000000000005	35329300
216	PYPl	2019-11-06 00:00:00	101.200000000000003	101.340000000000003	100.170000000000002	100.629999999999995	5541057
217	PYPl	2019-11-05 00:00:00	103.049999999999997	103.25	100.284999999999997	100.989999999999995	9235700
218	PYPl	2019-11-04 00:00:00	105.719999999999999	105.760000000000005	102.605000000000004	102.810000000000002	5696700
219	PYPl	2019-11-01 00:00:00	104.700000000000003	105.299999999999997	103.930000000000007	104.980000000000004	5489500
220	PYPl	2019-10-31 00:00:00	106.469999999999999	106.5	103.260000000000005	104.099999999999994	7200500
221	PYPl	2019-10-30 00:00:00	105.290000000000006	106.599999999999994	103.959999999999994	106.5	4202900
222	PYPl	2019-10-29 00:00:00	106.840000000000003	107.019999999999996	104.694999999999993	105	5365100
223	PYPl	2019-10-28 00:00:00	107.989999999999995	108.459999999999994	106.450000000000003	106.599999999999994	7004200
224	PYPl	2019-10-25 00:00:00	104.459999999999994	107.489999999999995	104.420000000000002	107.189999999999998	12067600
225	PYPl	2019-10-24 00:00:00	106.075000000000003	106.980000000000004	103.189999999999998	104.909999999999997	23689200
226	PYPl	2019-10-23 00:00:00	97.4200000000000017	97.5999999999999943	94.769999999999996	96.6400000000000006	16470200
227	PYPl	2019-10-22 00:00:00	101.359999999999999	101.950000000000003	97.1149999999999949	97.3599999999999994	11298100
228	PYPl	2019-10-21 00:00:00	102.359999999999999	102.730000000000004	100.465000000000003	101.439999999999998	6694400
229	PYPl	2019-10-18 00:00:00	103.920000000000002	104.319999999999993	100.75	101.219999999999999	7260700
230	PYPl	2019-10-17 00:00:00	103.890000000000001	104.340000000000003	102.840000000000003	103.629999999999995	3996300
231	PYPl	2019-10-16 00:00:00	103	103.230000000000004	101.900000000000006	103.090000000000003	4327000
232	PYPl	2019-10-15 00:00:00	102.010000000000005	103.659999999999997	101.900000000000006	103.590000000000003	4579600
233	PYPl	2019-10-14 00:00:00	101.590000000000003	102.349999999999994	101.367000000000004	101.75	2953500
234	PYPl	2019-10-11 00:00:00	101.780000000000001	103.959999999999994	101.469999999999999	101.579999999999998	4762900
235	PYPl	2019-10-10 00:00:00	99.4000000000000057	101	99.4000000000000057	100.540000000000006	4281600
236	PYPl	2019-10-09 00:00:00	99.4399999999999977	100.689999999999998	99.3850000000000051	99.8900000000000006	4988600
237	PYPl	2019-10-08 00:00:00	100.849999999999994	101.150000000000006	99.25	99.3299999999999983	7027600
238	PYPl	2019-10-07 00:00:00	102.109999999999999	102.606999999999999	101.519999999999996	101.620000000000005	3711300
239	PYPl	2019-10-04 00:00:00	101.840000000000003	102.980000000000004	100.840000000000003	102.790000000000006	5458000
240	PYPl	2019-10-03 00:00:00	99.5400000000000063	101.310000000000002	98.6099999999999994	101.030000000000001	4846100
241	PYPl	2019-10-02 00:00:00	101.810000000000002	101.829999999999998	99.3599999999999994	99.730000000000004	7879000
242	PYPl	2019-10-01 00:00:00	104	104.641000000000005	102.230000000000004	102.530000000000001	5694500
243	PYPl	2019-09-30 00:00:00	102.680000000000007	104.069999999999993	101.480000000000004	103.590000000000003	7390700
244	PYPl	2019-09-27 00:00:00	104.870000000000005	105.170000000000002	101.099999999999994	102.200000000000003	7189400
245	PYPl	2019-09-26 00:00:00	104.430000000000007	104.870000000000005	103.219999999999999	104.549999999999997	4719800
246	PYPl	2019-09-25 00:00:00	103.340000000000003	104.462999999999994	101.540000000000006	104.140000000000001	5457300
247	PYPl	2019-09-24 00:00:00	105.409999999999997	106.099999999999994	102.730000000000004	103.689999999999998	6367900
248	PYPl	2019-09-23 00:00:00	104.730000000000004	105.319999999999993	104.349999999999994	105.109999999999999	3312800
249	PYPl	2019-09-20 00:00:00	104.709999999999994	105.459999999999994	103.909999999999997	104.640000000000001	10427300
250	PYPl	2019-09-19 00:00:00	105.640000000000001	107.019999999999996	105.599999999999994	106.120000000000005	5017100
251	PYPl	2019-09-18 00:00:00	107.780000000000001	107.799999999999997	103.730000000000004	105.599999999999994	6624300
252	PYPl	2019-09-17 00:00:00	106.810000000000002	107.894999999999996	106.459999999999994	107.5	4097400
253	PYPl	2019-09-16 00:00:00	106.129999999999995	108.010000000000005	105.989999999999995	106.519999999999996	5215600
254	PYPl	2019-09-13 00:00:00	106.659999999999997	107.290000000000006	105.25	107	8390200
255	PYPl	2019-09-12 00:00:00	105.709999999999994	107.915000000000006	105.489999999999995	107.099999999999994	11585400
256	PYPl	2019-09-11 00:00:00	104.150000000000006	104.480000000000004	103.109999999999999	104.019999999999996	7006300
257	PYPl	2019-09-10 00:00:00	104.769999999999996	104.950000000000003	101.310000000000002	103.049999999999997	13428000
258	PYPl	2019-09-09 00:00:00	110.620000000000005	110.769999999999996	103.900000000000006	105.430000000000007	10959000
259	PYPl	2019-09-06 00:00:00	111.659999999999997	111.670000000000002	109.620000000000005	110.049999999999997	4675800
260	PYPl	2019-09-05 00:00:00	110	111.629999999999995	109.510000000000005	111.459999999999994	5348700
261	PYPl	2019-09-04 00:00:00	107.75	109.234999999999999	107.290000000000006	108.730000000000004	3691200
262	PYPl	2019-09-03 00:00:00	107.920000000000002	108.859999999999999	106.459999999999994	106.75	4037700
263	PYPl	2019-08-30 00:00:00	110.129999999999995	110.969999999999999	108.540000000000006	109.049999999999997	3957900
264	PYPl	2019-08-29 00:00:00	108.959999999999994	109.760000000000005	108.780000000000001	109.209999999999994	3930900
265	PYPl	2019-08-28 00:00:00	106.709999999999994	107.629999999999995	105.349999999999994	107.469999999999999	3256100
266	PYPl	2019-08-27 00:00:00	108.390000000000001	108.719999999999999	106.950000000000003	107.450000000000003	4937400
267	PYPl	2019-08-26 00:00:00	107.109999999999999	107.829999999999998	106.290000000000006	107.659999999999997	3666900
268	PYPl	2019-08-23 00:00:00	108.930000000000007	110.140000000000001	105.510000000000005	106.040000000000006	7456400
269	PYPl	2019-08-22 00:00:00	110.079999999999998	110.290000000000006	107.650000000000006	108.769999999999996	3863600
270	PYPl	2019-08-21 00:00:00	108.540000000000006	110.019999999999996	108.397999999999996	109.819999999999993	5415900
271	PYPl	2019-08-20 00:00:00	107.909999999999997	108.579999999999998	107.019999999999996	107.370000000000005	4358600
272	PYPl	2019-08-19 00:00:00	108	108.439999999999998	106.829999999999998	107.670000000000002	5718300
273	PYPl	2019-08-16 00:00:00	106.079999999999998	106.609999999999999	105.549999999999997	106.159999999999997	5840900
274	PYPl	2019-08-15 00:00:00	103.900000000000006	105.790000000000006	103.129999999999995	104.950000000000003	6975800
275	PYPl	2019-08-14 00:00:00	104.170900000000003	105.129999999999995	102.450000000000003	103.269999999999996	9538800
276	PYPl	2019-08-13 00:00:00	103.390000000000001	106.700000000000003	102.680000000000007	106.040000000000006	9788400
277	PYPl	2019-08-12 00:00:00	104.010000000000005	104.379999999999995	102.209999999999994	102.719999999999999	7897900
278	PYPl	2019-08-09 00:00:00	106.400000000000006	106.519999999999996	104.450000000000003	104.819999999999993	7777300
279	PYPl	2019-08-08 00:00:00	107.349999999999994	108.140000000000001	106.079999999999998	106.790000000000006	7815000
280	PYPl	2019-08-07 00:00:00	104.060000000000002	107.159999999999997	103.299999999999997	106.629999999999995	7622000
281	PYPl	2019-08-06 00:00:00	105	106	104.480000000000004	105.030000000000001	7740500
282	PYPl	2019-08-05 00:00:00	103.760000000000005	105.390000000000001	102.409999999999997	103.599999999999994	11745400
283	PYPl	2019-08-02 00:00:00	109.469999999999999	109.650000000000006	105.829999999999998	107.090000000000003	10466900
284	PYPl	2019-08-01 00:00:00	110.450000000000003	112.450000000000003	109.661600000000007	110.799999999999997	9436100
285	PYPl	2019-07-31 00:00:00	112.200000000000003	112.299999999999997	109.430000000000007	110.400000000000006	10096200
286	PYPl	2019-07-30 00:00:00	110.790000000000006	112.290000000000006	108.769999999999996	112.040000000000006	8456000
287	PYPl	2019-07-29 00:00:00	113.5	114.280000000000001	111.219999999999999	111.450000000000003	13820200
288	PYPl	2019-07-26 00:00:00	115.709999999999994	116.349999999999994	114.340000000000003	115.489999999999995	7995500
289	PYPl	2019-07-25 00:00:00	116.75	117.549999999999997	113.230000000000004	115.120000000000005	19417200
290	PYPl	2019-07-24 00:00:00	120	121.329999999999998	118.930000000000007	121.299999999999997	8969800
291	PYPl	2019-07-23 00:00:00	119.420000000000002	120.269999999999996	118.694999999999993	120.219999999999999	5016000
292	PYPl	2019-07-22 00:00:00	118.989999999999995	119.209999999999994	118.120000000000005	118.689999999999998	5676600
293	PYPl	2019-07-19 00:00:00	120.739999999999995	121.359999999999999	118.599999999999994	118.629999999999995	4916200
294	PYPl	2019-07-18 00:00:00	118.989999999999995	120.799999999999997	118.629999999999995	119.870000000000005	4436900
295	PYPl	2019-07-17 00:00:00	119.650000000000006	119.989999999999995	118.799999999999997	118.810000000000002	4627500
296	PYPl	2019-07-16 00:00:00	121.099999999999994	121.480000000000004	119.530000000000001	119.709999999999994	4006600
297	PYPl	2019-07-15 00:00:00	120.769999999999996	121.040000000000006	119.799999999999997	120.900000000000006	3721000
298	PYPl	2019-07-12 00:00:00	120.920000000000002	120.996700000000004	119.310000000000002	120.120000000000005	4540300
299	PYPl	2019-07-11 00:00:00	120.170000000000002	120.75	119.239999999999995	120.650000000000006	4999700
300	PYPl	2019-07-10 00:00:00	119.109999999999999	120.200000000000003	118.780000000000001	119.640000000000001	5879700
301	PYPl	2019-07-09 00:00:00	116.370000000000005	118.620000000000005	116.25	118.370000000000005	4739000
302	PYPl	2019-07-08 00:00:00	116.340000000000003	117.224999999999994	115.140000000000001	116.950000000000003	4983600
303	PYPl	2019-07-05 00:00:00	116.540000000000006	117.400000000000006	114.689999999999998	117.159999999999997	3801700
304	PYPl	2019-07-03 00:00:00	116.879999999999995	117.719999999999999	116.060000000000002	117.680000000000007	3288900
305	PYPl	2019-07-02 00:00:00	115.180000000000007	116.200000000000003	114.579999999999998	116.170000000000002	4153900
306	PYPl	2019-07-01 00:00:00	116.719999999999999	116.75	114.349999999999994	115.030000000000001	5566900
307	PYPl	2019-06-28 00:00:00	114.239999999999995	114.620000000000005	113.329999999999998	114.459999999999994	6679800
308	PYPl	2019-06-27 00:00:00	114.510000000000005	114.870000000000005	113.079999999999998	113.670000000000002	5139300
309	PYPl	2019-06-26 00:00:00	115.700000000000003	116.379999999999995	114.114999999999995	114.150000000000006	4637300
310	PYPl	2019-06-25 00:00:00	116.579999999999998	116.959999999999994	113.390000000000001	114.439999999999998	5393700
311	PYPl	2019-06-24 00:00:00	116.510000000000005	116.772999999999996	115.659999999999997	116.5	3369800
312	PYPl	2019-06-21 00:00:00	116.079999999999998	117.280000000000001	115.969999999999999	116.209999999999994	10651500
313	PYPl	2019-06-20 00:00:00	118.853200000000001	119.950000000000003	117.840000000000003	118.790000000000006	5437500
314	PYPl	2019-06-19 00:00:00	116	117.340000000000003	115.219999999999999	117.140000000000001	5166000
315	PYPl	2019-06-18 00:00:00	118.599999999999994	118.646000000000001	115.840000000000003	115.980000000000004	6793300
316	PYPl	2019-06-17 00:00:00	116.579999999999998	117.334999999999994	116.370000000000005	117.159999999999997	4621600
317	PYPl	2019-06-14 00:00:00	115.909999999999997	116.730000000000004	115.269999999999996	116.170000000000002	4242000
318	PYPl	2019-06-13 00:00:00	114.819999999999993	115.819999999999993	114.590000000000003	115.719999999999999	4089400
319	PYPl	2019-06-12 00:00:00	114.590000000000003	114.890000000000001	113.469999999999999	114.5	3914400
320	PYPl	2019-06-11 00:00:00	116.969999999999999	117.450000000000003	113.295000000000002	114.599999999999994	5038900
321	PYPl	2019-06-10 00:00:00	115.099999999999994	117.349999999999994	114.849999999999994	115.620000000000005	6483600
322	PYPl	2019-06-07 00:00:00	112.299999999999997	115.140000000000001	112.079999999999998	114.019999999999996	5916400
323	PYPl	2019-06-06 00:00:00	111.108500000000006	112.040000000000006	110.269999999999996	111.780000000000001	4744000
324	PYPl	2019-06-05 00:00:00	110.040000000000006	110.879999999999995	109.459999999999994	110.769999999999996	6220200
325	PYPl	2019-06-04 00:00:00	106.829999999999998	108.829999999999998	105.780000000000001	108.730000000000004	7280400
326	PYPl	2019-06-03 00:00:00	111.090000000000003	111.090000000000003	103.959999999999994	105.519999999999996	11261200
327	PYPl	2019-05-31 00:00:00	110.329999999999998	110.799999999999997	108.739999999999995	109.75	4913500
328	PYPl	2019-05-30 00:00:00	110.640000000000001	111.569999999999993	110.090000000000003	111.409999999999997	3871800
329	PYPl	2019-05-29 00:00:00	110.75	110.970399999999998	109.310000000000002	110.079999999999998	8166200
330	PYPl	2019-05-28 00:00:00	110.569999999999993	113.140000000000001	110.5	111.739999999999995	6568300
331	PYPl	2019-05-24 00:00:00	110.840000000000003	111.239999999999995	109.459999999999994	109.849999999999994	4832500
332	PYPl	2019-05-23 00:00:00	111.469999999999999	111.718800000000002	109.060000000000002	109.900000000000006	7183600
333	PYPl	2019-05-22 00:00:00	112.280000000000001	113.959999999999994	112.209999999999994	112.469999999999999	3091700
334	PYPl	2019-05-21 00:00:00	112.670000000000002	113.120000000000005	111.686000000000007	112.430000000000007	4001400
335	PYPl	2019-05-20 00:00:00	111.969999999999999	113.310000000000002	111.230000000000004	112.150000000000006	3631600
336	PYPl	2019-05-17 00:00:00	113.069999999999993	114.25	112.242000000000004	112.799999999999997	4512400
337	PYPl	2019-05-16 00:00:00	111.200000000000003	114.659999999999997	111.159999999999997	113.870000000000005	6031800
338	PYPl	2019-05-15 00:00:00	108.590000000000003	111.930000000000007	108.310000000000002	111.5	5315300
339	PYPl	2019-05-14 00:00:00	107.560000000000002	110.400000000000006	107.349999999999994	109.090000000000003	4559700
340	PYPl	2019-05-13 00:00:00	107.599999999999994	108.629999999999995	106.519999999999996	106.829999999999998	5657900
341	PYPl	2019-05-10 00:00:00	109.219999999999999	110.680000000000007	107.459999999999994	110.409999999999997	3750900
342	PYPl	2019-05-09 00:00:00	108.099999999999994	110.132000000000005	107.248000000000005	109.730000000000004	4657300
343	PYPl	2019-05-08 00:00:00	108.579999999999998	109.879999999999995	108.150000000000006	109.069999999999993	4118000
344	PYPl	2019-05-07 00:00:00	110.170000000000002	110.170000000000002	107.640000000000001	108.950000000000003	6178700
345	PYPl	2019-05-06 00:00:00	109.439999999999998	111.120000000000005	108.579999999999998	110.849999999999994	4722600
346	PYPl	2019-05-03 00:00:00	110.569999999999993	112.120000000000005	110.25	111.959999999999994	4660500
347	PYPl	2019-05-02 00:00:00	110.599999999999994	111.159999999999997	108.909999999999997	109.700000000000003	5272400
348	PYPl	2019-05-01 00:00:00	113.209999999999994	113.689999999999998	110.920000000000002	110.939999999999998	5442200
349	PYPl	2019-04-30 00:00:00	112.439999999999998	113.219999999999999	111.196700000000007	112.769999999999996	6489400
350	PYPl	2019-04-29 00:00:00	110.700000000000003	113	110.439999999999998	112.439999999999998	6989300
351	PYPl	2019-04-26 00:00:00	109.719999999999999	110.569999999999993	107.879999999999995	110.560000000000002	7683200
352	PYPl	2019-04-25 00:00:00	108.519999999999996	110.920000000000002	108.517799999999994	110.219999999999999	10959400
353	PYPl	2019-04-24 00:00:00	107.109999999999999	108.390000000000001	106.420000000000002	107.219999999999999	9553100
354	PYPl	2019-04-23 00:00:00	107.099999999999994	107.510000000000005	106.439999999999998	106.900000000000006	8564200
355	PYPl	2019-04-22 00:00:00	106.790000000000006	107.180000000000007	106.019999999999996	106.810000000000002	6408500
356	PYPl	2019-04-18 00:00:00	108.359999999999999	108.450000000000003	105.079999999999998	107.359999999999999	10220700
357	PYPl	2019-04-17 00:00:00	107.805000000000007	108.859999999999999	107.256600000000006	108.810000000000002	5353700
358	PYPl	2019-04-16 00:00:00	108.799999999999997	108.799999999999997	107.579999999999998	108.200000000000003	3766100
359	PYPl	2019-04-15 00:00:00	108.579999999999998	109	107.310000000000002	108.140000000000001	4480100
360	PYPl	2019-04-12 00:00:00	107.030000000000001	108.540000000000006	106.409999999999997	108.480000000000004	6997700
361	PYPl	2019-04-11 00:00:00	107.510000000000005	107.739999999999995	105.909999999999997	106.459999999999994	7681000
362	PYPl	2019-04-10 00:00:00	107.150000000000006	107.769999999999996	106.390000000000001	107.510000000000005	6561800
363	PYPl	2019-04-09 00:00:00	106.060000000000002	107.510000000000005	105.833399999999997	106.930000000000007	7217100
364	PYPl	2019-04-08 00:00:00	105.659999999999997	107	104.670000000000002	106.569999999999993	9261800
365	PYPl	2019-04-05 00:00:00	104.840000000000003	105.797899999999998	104.620000000000005	105.730000000000004	8573800
366	PYPl	2019-04-04 00:00:00	104.700000000000003	104.969999999999999	102.650000000000006	104.459999999999994	7996800
367	PYPl	2019-04-03 00:00:00	105.909999999999997	105.969999999999999	104.489999999999995	104.689999999999998	5441900
368	PYPl	2019-04-02 00:00:00	105.760000000000005	105.760000000000005	104.659999999999997	105.230000000000004	4177400
369	PYPl	2019-04-01 00:00:00	104.989999999999995	105.760000000000005	103.849999999999994	105.549999999999997	6157200
370	PYPl	2019-03-29 00:00:00	104.519999999999996	104.700000000000003	103.459999999999994	103.840000000000003	5625500
371	PYPl	2019-03-28 00:00:00	103.450000000000003	104.010000000000005	102.670000000000002	103.859999999999999	4459900
372	PYPl	2019-03-27 00:00:00	103.200000000000003	104.170000000000002	101.739999999999995	103.069999999999993	5450200
373	PYPl	2019-03-26 00:00:00	102.340000000000003	103.284999999999997	101.758399999999995	103.150000000000006	4498000
374	PYPl	2019-03-25 00:00:00	100.939999999999998	102.180000000000007	100.510000000000005	101.549999999999997	5117700
375	PYPl	2019-03-22 00:00:00	103.870000000000005	104	101.25	101.269999999999996	7195000
376	PYPl	2019-03-21 00:00:00	102.150000000000006	104.560000000000002	102.084999999999994	104.150000000000006	7216700
377	PYPl	2019-03-20 00:00:00	101.450000000000003	103.049999999999997	100.840000000000003	102.310000000000002	6462900
378	PYPl	2019-03-19 00:00:00	100.598399999999998	101.685000000000002	100.599999999999994	101.540000000000006	6965100
379	PYPl	2019-03-18 00:00:00	101.209999999999994	101.829999999999998	99.3700000000000045	100.269999999999996	6454000
380	PYPl	2019-03-15 00:00:00	99.4000000000000057	101.260000000000005	99.3299999999999983	100.730000000000004	10960900
381	PYPl	2019-03-14 00:00:00	99.4599999999999937	99.6700000000000017	98.9300000000000068	99.0300000000000011	5414700
382	PYPl	2019-03-13 00:00:00	98.2000000000000028	100.590000000000003	98.1400000000000006	99.3100000000000023	9356600
383	PYPl	2019-03-12 00:00:00	98	98.0799999999999983	96.9000000000000057	97.5	5624500
384	PYPl	2019-03-11 00:00:00	96.0100000000000051	97.5699999999999932	95.9539999999999935	97.4500000000000028	5387500
385	PYPl	2019-03-08 00:00:00	95.0400000000000063	95.769999999999996	94.5190999999999946	95.6899999999999977	4577700
386	PYPl	2019-03-07 00:00:00	96.1740000000000066	96.75	95.2999999999999972	96.2099999999999937	6170100
387	PYPl	2019-03-06 00:00:00	96.519999999999996	97.2800000000000011	95.9099999999999966	96.4599999999999937	3226500
388	PYPl	2019-03-05 00:00:00	96.6500000000000057	97.1353000000000009	96.1500000000000057	96.5300000000000011	6321900
389	PYPl	2019-03-04 00:00:00	98.0300000000000011	98.5	95.3400000000000034	96.5699999999999932	7855800
390	PYPl	2019-03-01 00:00:00	98.9200000000000017	99.4500000000000028	98.3400000000000034	98.7999999999999972	5434000
391	PYPl	2019-02-28 00:00:00	97.6599999999999966	98.5250000000000057	97.0799999999999983	98.0699999999999932	6151800
392	PYPl	2019-02-27 00:00:00	96.1099999999999994	98.0400000000000063	95.9300000000000068	97.8599999999999994	5565400
393	PYPl	2019-02-26 00:00:00	96.3400000000000034	96.8199999999999932	95.5300000000000011	96.5900000000000034	5906400
394	PYPl	2019-02-25 00:00:00	96.0699999999999932	97.304000000000002	96	96.7000000000000028	7470700
395	PYPl	2019-02-22 00:00:00	95.2399999999999949	96	95.0699999999999932	95.980000000000004	4898000
396	PYPl	2019-02-21 00:00:00	94.7263999999999982	95.5100000000000051	94.3299999999999983	94.9599999999999937	6410000
397	PYPl	2019-02-20 00:00:00	95	95.7199999999999989	93.9802999999999997	94.730000000000004	8154100
398	PYPl	2019-02-19 00:00:00	94.4500000000000028	95.2999999999999972	94.0600000000000023	95.019999999999996	8092400
399	PYPl	2019-02-15 00:00:00	95	95.4300000000000068	94.4500000000000028	94.9099999999999966	6080200
400	PYPl	2019-02-14 00:00:00	93.6500000000000057	94.9899999999999949	93.0999999999999943	94.4200000000000017	6579200
401	PYPl	2019-02-13 00:00:00	94.5900000000000034	96.0400000000000063	93.8439999999999941	94.0100000000000051	8577900
402	PYPl	2019-02-12 00:00:00	93.4399999999999977	94.5083999999999946	93.2000000000000028	94.3799999999999955	7497000
403	PYPl	2019-02-11 00:00:00	92.25	93.75	92.1500000000000057	92.6899999999999977	6455900
404	PYPl	2019-02-08 00:00:00	90.019999999999996	91.9099999999999966	90	91.8700000000000045	7642100
405	PYPl	2019-02-07 00:00:00	91.1099999999999994	91.7099999999999937	90.0100000000000051	90.8499999999999943	7283800
406	PYPl	2019-02-06 00:00:00	90.7999999999999972	92.2900000000000063	90.1899999999999977	92.25	5939400
407	PYPl	2019-02-05 00:00:00	91.9099999999999966	92.3499999999999943	91.3599999999999994	92.269999999999996	5591300
408	PYPl	2019-02-04 00:00:00	89.8799999999999955	92.1200000000000045	89.7099999999999937	91.6599999999999966	7084500
409	PYPl	2019-02-01 00:00:00	88.3670000000000044	90.5	88.25	90.0100000000000051	10514600
410	PYPl	2019-01-31 00:00:00	89.019999999999996	90.0900000000000034	86.6200000000000045	88.7600000000000051	23729900
411	PYPl	2019-01-30 00:00:00	92.019999999999996	93.3400000000000034	90.9000000000000057	92.4200000000000017	11622800
412	PYPl	2019-01-29 00:00:00	92.3299999999999983	92.8499999999999943	90.5699999999999932	91.1200000000000045	6399900
413	PYPl	2019-01-28 00:00:00	93.2999999999999972	93.4200000000000017	90.6899999999999977	92.2999999999999972	7361100
414	PYPl	2019-01-25 00:00:00	93.0499999999999972	94.5799999999999983	92.6898000000000053	94.2800000000000011	11664300
415	PYPl	2019-01-24 00:00:00	90.6700000000000017	92.9899999999999949	90.5499999999999972	92.2000000000000028	9749100
416	PYPl	2019-01-23 00:00:00	90.7399999999999949	91.1704000000000008	89.5699999999999932	90.5	5595700
417	PYPl	2019-01-22 00:00:00	90.3299999999999983	90.9699999999999989	89.0900000000000034	89.9399999999999977	7890300
418	PYPl	2019-01-18 00:00:00	91.3499999999999943	91.4399999999999977	89.7800000000000011	91.1200000000000045	11958400
419	PYPl	2019-01-17 00:00:00	90.245599999999996	90.8700000000000045	89.8100000000000023	90.4000000000000057	10254500
420	PYPl	2019-01-16 00:00:00	91.7188000000000017	92.3499999999999943	90.2099999999999937	90.5499999999999972	8475000
421	PYPl	2019-01-15 00:00:00	90.6469000000000023	91.9099999999999966	90.1899999999999977	91.5999999999999943	10377900
422	PYPl	2019-01-14 00:00:00	89.9599999999999937	90.8100000000000023	89.5499999999999972	90.4300000000000068	6084700
423	PYPl	2019-01-11 00:00:00	90.1099999999999994	91.1440000000000055	90.0999999999999943	90.6500000000000057	7398200
424	PYPl	2019-01-10 00:00:00	89.0999999999999943	90.7900000000000063	87.9184000000000054	90.7000000000000028	7478100
425	PYPl	2019-01-09 00:00:00	88.8100000000000023	90.3149999999999977	88.5	89.5499999999999972	9578300
426	PYPl	2019-01-08 00:00:00	88.1099999999999994	88.894999999999996	87.6899999999999977	88.7000000000000028	8307600
427	PYPl	2019-01-07 00:00:00	86.4200000000000017	87.5499999999999972	86.019999999999996	86.9300000000000068	11094100
428	PYPl	2019-01-04 00:00:00	83.7099999999999937	86.9099999999999966	83.3700000000000045	86.269999999999996	9234800
429	PYPl	2019-01-03 00:00:00	84.3599999999999994	84.75	81.9099999999999966	82.0900000000000034	9650700
430	PYPl	2019-01-02 00:00:00	82.3799999999999955	86.2000000000000028	82.2399999999999949	85.75	10146200
431	NVDA	2019-11-06 00:00:00	208.639999999999986	209.669999999999987	204.129999999999995	207.629999999999995	6196594
432	NVDA	2019-11-05 00:00:00	210.490000000000009	211.539999999999992	207.680000000000007	209.610000000000014	7516300
433	NVDA	2019-11-04 00:00:00	205.849999999999994	211	204.919999999999987	210.5	9179500
434	NVDA	2019-11-01 00:00:00	199.599999999999994	203.889999999999986	198.590000000000003	202.590000000000003	7086400
435	NVDA	2019-10-31 00:00:00	202.159999999999997	203	197.810000000000002	201.02000000000001	5239600
436	NVDA	2019-10-30 00:00:00	204	204.22999999999999	200.259999999999991	203	5139900
437	NVDA	2019-10-29 00:00:00	206.22999999999999	206.490000000000009	202.139999999999986	202.919999999999987	5250500
438	NVDA	2019-10-28 00:00:00	206.300000000000011	208.900000000000006	205.120000000000005	206.789999999999992	8269800
439	NVDA	2019-10-25 00:00:00	200.099999999999994	205.379999999999995	199.789999999999992	204.539999999999992	10566500
440	NVDA	2019-10-24 00:00:00	196.75	198.210000000000008	195.379999999999995	196.860000000000014	5800500
441	NVDA	2019-10-23 00:00:00	192.310000000000002	195.659999999999997	191.030000000000001	195.090000000000003	6997900
442	NVDA	2019-10-22 00:00:00	198.300000000000011	202.530000000000001	195.300000000000011	195.610000000000014	8218000
443	NVDA	2019-10-21 00:00:00	192.960000000000008	196.550000000000011	192.199999999999989	196.009999999999991	6546700
444	NVDA	2019-10-18 00:00:00	194.310000000000002	195.620000000000005	187.5	190.490000000000009	7686000
445	NVDA	2019-10-17 00:00:00	196	197.810000000000002	192.099999999999994	194.289999999999992	6585900
446	NVDA	2019-10-16 00:00:00	195	199.219999999999999	193.75	194.210000000000008	10723600
447	NVDA	2019-10-15 00:00:00	190.159999999999997	199.289999999999992	189.599999999999994	196.370000000000005	16603100
448	NVDA	2019-10-14 00:00:00	185.639999999999986	187.370000000000005	184.389999999999986	186.530000000000001	5001000
449	NVDA	2019-10-11 00:00:00	186.409999999999997	189.340000000000003	185.650000000000006	185.990000000000009	11160100
450	NVDA	2019-10-10 00:00:00	180.620000000000005	185.080000000000013	180.409999999999997	183.030000000000001	7728100
451	NVDA	2019-10-09 00:00:00	180.319999999999993	182.699999999999989	179.159999999999997	180.710000000000008	7310300
452	NVDA	2019-10-08 00:00:00	180.639999999999986	180.639999999999986	176.5	177.22999999999999	11110900
453	NVDA	2019-10-07 00:00:00	184.580000000000013	188.340000000000003	184.22999999999999	184.330000000000013	12024600
454	NVDA	2019-10-04 00:00:00	181.400000000000006	183.150000000000006	178.780000000000001	181.969999999999999	6638100
455	NVDA	2019-10-03 00:00:00	173.219999999999999	181.560000000000002	172	181.310000000000002	11264700
456	NVDA	2019-10-02 00:00:00	173.120000000000005	173.599999999999994	170.129999999999995	173.039999999999992	7334300
457	NVDA	2019-10-01 00:00:00	175	181	173.810000000000002	174	9150200
458	NVDA	2019-09-30 00:00:00	172.800000000000011	174.47999999999999	171.539999999999992	174.069999999999993	4654600
459	NVDA	2019-09-27 00:00:00	175.659999999999997	177.699999999999989	169.319999999999993	171.759999999999991	9051400
460	NVDA	2019-09-26 00:00:00	177.840000000000003	178.189999999999998	175.289999999999992	177.340000000000003	5864100
461	NVDA	2019-09-25 00:00:00	172.509999999999991	179.02000000000001	170.710000000000008	178.22999999999999	7710800
462	NVDA	2019-09-24 00:00:00	176.099999999999994	177.289999999999992	171.099999999999994	172.530000000000001	7931700
463	NVDA	2019-09-23 00:00:00	172.699999999999989	176.669999999999987	172.550000000000011	174.840000000000003	6242800
464	NVDA	2019-09-20 00:00:00	176.900000000000006	177.849999999999994	172.280000000000001	172.689999999999998	8756100
465	NVDA	2019-09-19 00:00:00	180.219999999999999	180.960000000000008	176.509999999999991	176.939999999999998	6136900
466	NVDA	2019-09-18 00:00:00	180.789999999999992	181.419999999999987	176.5	179.97999999999999	6453800
467	NVDA	2019-09-17 00:00:00	180.47999999999999	181.240000000000009	178.610000000000014	181.069999999999993	5576200
468	NVDA	2019-09-16 00:00:00	178.919999999999987	181.599999999999994	178.5	180.210000000000008	5795800
469	NVDA	2019-09-13 00:00:00	181.590000000000003	183.080000000000013	180.180000000000007	181.939999999999998	8114800
470	NVDA	2019-09-12 00:00:00	186.199999999999989	188.400000000000006	183.949999999999989	184.27000000000001	8196000
471	NVDA	2019-09-11 00:00:00	183.77000000000001	186.27000000000001	182.599999999999994	184.330000000000013	9037800
472	NVDA	2019-09-10 00:00:00	179.180000000000007	184.25	178.789999999999992	183.180000000000007	8820300
473	NVDA	2019-09-09 00:00:00	179.900000000000006	183.97999999999999	179.840000000000003	180.5	10438100
474	NVDA	2019-09-06 00:00:00	178.800000000000011	181.090000000000003	177.120000000000005	178.650000000000006	9424400
475	NVDA	2019-09-05 00:00:00	172.870000000000005	179.990000000000009	172.800000000000011	179.740000000000009	17391900
476	NVDA	2019-09-04 00:00:00	166.610000000000014	169.060000000000002	166.610000000000014	168.759999999999991	5693200
477	NVDA	2019-09-03 00:00:00	164.580000000000013	165.909999999999997	163.25	164.169999999999987	7403500
478	NVDA	2019-08-30 00:00:00	168.860000000000014	170.860000000000014	166.780000000000001	167.509999999999991	7265400
479	NVDA	2019-08-29 00:00:00	164.900000000000006	168.300000000000011	164.759999999999991	167	8949400
480	NVDA	2019-08-28 00:00:00	160.580000000000013	163.340000000000003	159	161.219999999999999	6390300
481	NVDA	2019-08-27 00:00:00	166.990000000000009	167.099999999999994	160.620000000000005	161.800000000000011	7274200
482	NVDA	2019-08-26 00:00:00	165.610000000000014	166.580000000000013	163.909999999999997	165.449999999999989	7955200
483	NVDA	2019-08-23 00:00:00	168.400000000000006	170.590000000000003	161.639999999999986	162.439999999999998	14201400
484	NVDA	2019-08-22 00:00:00	171.620000000000005	173.330000000000013	169.900000000000006	171.47999999999999	7587200
485	NVDA	2019-08-21 00:00:00	170.530000000000001	173.449999999999989	169.659999999999997	171.22999999999999	10681100
486	NVDA	2019-08-20 00:00:00	170.560000000000002	170.580000000000013	167.02000000000001	167.870000000000005	11579700
487	NVDA	2019-08-19 00:00:00	164.120000000000005	171.419999999999987	163.469999999999999	170.780000000000001	20377800
488	NVDA	2019-08-16 00:00:00	159.342899999999986	161.539999999999992	156.879999999999995	159.560000000000002	25199000
489	NVDA	2019-08-15 00:00:00	150.830000000000013	151.629999999999995	147.389999999999986	148.77000000000001	11930000
490	NVDA	2019-08-14 00:00:00	152.5	152.949999999999989	148.310000000000002	150.069999999999993	10497000
491	NVDA	2019-08-13 00:00:00	151.389999999999986	157.900000000000006	149.819999999999993	156.050000000000011	8798900
492	NVDA	2019-08-12 00:00:00	152.080000000000013	154.180000000000007	150.569999999999993	151.449999999999989	6980000
493	NVDA	2019-08-09 00:00:00	156.610000000000014	156.741199999999992	152.150000000000006	154.180000000000007	8545400
494	NVDA	2019-08-08 00:00:00	156.210000000000008	158.310000000000002	153.894200000000012	158.259999999999991	7732500
495	NVDA	2019-08-07 00:00:00	149.900000000000006	154.370000000000005	149.199999999999989	153.889999999999986	9314000
496	NVDA	2019-08-06 00:00:00	153.800000000000011	155.629999999999995	150.433099999999996	152.349999999999994	9031800
497	NVDA	2019-08-05 00:00:00	153.800000000000011	153.849999999999994	148.900000000000006	150.789999999999992	14728900
498	NVDA	2019-08-02 00:00:00	161.189999999999998	163.97999999999999	159.280000000000001	161.189999999999998	10708700
499	NVDA	2019-08-01 00:00:00	169.139999999999986	172.780000000000001	162.819999999999993	164.919999999999987	10530300
500	NVDA	2019-07-31 00:00:00	174.180000000000007	174.219999999999999	167.02000000000001	168.719999999999999	8985400
501	NVDA	2019-07-30 00:00:00	172.949999999999989	175.939999999999998	172.370000000000005	175.449999999999989	4944300
502	NVDA	2019-07-29 00:00:00	174.780000000000001	175.469999999999999	171.27000000000001	174.819999999999993	6204000
503	NVDA	2019-07-26 00:00:00	174.469999999999999	176.949999999999989	174.469999999999999	175.069999999999993	6854000
504	NVDA	2019-07-25 00:00:00	176.990000000000009	177.505200000000002	172.439999999999998	173.379999999999995	9817500
505	NVDA	2019-07-24 00:00:00	177.400000000000006	178.889999999999986	174.340000000000003	178.659999999999997	9155900
506	NVDA	2019-07-23 00:00:00	172.900000000000006	175.740000000000009	172.27000000000001	175.659999999999997	10704400
507	NVDA	2019-07-22 00:00:00	169.300000000000011	171.840000000000003	169	171.319999999999993	7898500
508	NVDA	2019-07-19 00:00:00	171.719999999999999	171.97999999999999	168.199999999999989	168.439999999999998	8622400
509	NVDA	2019-07-18 00:00:00	170.129999999999995	172.710000000000008	167.840100000000007	170.180000000000007	11054800
510	NVDA	2019-07-17 00:00:00	167.150000000000006	169.990000000000009	165.969999999999999	169.710000000000008	8705100
511	NVDA	2019-07-16 00:00:00	166.669999999999987	168.169999999999987	164.845300000000009	167.080000000000013	8536100
512	NVDA	2019-07-15 00:00:00	168.460000000000008	169.101900000000001	166.129999999999995	167.27000000000001	7246000
513	NVDA	2019-07-12 00:00:00	167.400000000000006	170.469999999999999	167.400000000000006	167.610000000000014	12659800
514	NVDA	2019-07-11 00:00:00	163	167.919999999999987	161.5	166.280000000000001	17064000
515	NVDA	2019-07-10 00:00:00	159.060000000000002	162.370000000000005	158.5	160.060000000000002	11301900
516	NVDA	2019-07-09 00:00:00	155.509999999999991	158.439999999999998	155	157.310000000000002	8571500
517	NVDA	2019-07-08 00:00:00	157.830000000000013	158.590000000000003	156.007599999999996	157.210000000000008	8244700
518	NVDA	2019-07-05 00:00:00	160.400000000000006	160.580000000000013	157.680000000000007	160.22999999999999	9913800
519	NVDA	2019-07-03 00:00:00	163.169999999999987	163.400000000000006	160.341000000000008	162.75	6165900
520	NVDA	2019-07-02 00:00:00	165.5	166.34899999999999	161.699999999999989	162.22999999999999	10005700
521	NVDA	2019-07-01 00:00:00	172.569999999999993	173.949999999999989	164.659999999999997	166.169999999999987	17743900
522	NVDA	2019-06-28 00:00:00	165	165.370000000000005	162.349999999999994	164.22999999999999	9941700
523	NVDA	2019-06-27 00:00:00	162.7089	164	161.259999999999991	163.22999999999999	11136000
524	NVDA	2019-06-26 00:00:00	156.610000000000014	161.719999999999999	156.090000000000003	159.259999999999991	14601800
525	NVDA	2019-06-25 00:00:00	152.860000000000014	155.879999999999995	151.370000000000005	151.47999999999999	7796700
526	NVDA	2019-06-24 00:00:00	152.620000000000005	153.849999999999994	150.719999999999999	152.659999999999997	7073700
527	NVDA	2019-06-21 00:00:00	153.5	155.47999999999999	151.5	151.759999999999991	10860700
528	NVDA	2019-06-20 00:00:00	156.77000000000001	157.330000000000013	153.518000000000001	154.099999999999994	8754200
529	NVDA	2019-06-19 00:00:00	154.300000000000011	154.757000000000005	152.074000000000012	153.120000000000005	8291100
530	NVDA	2019-06-18 00:00:00	147.5	155.11869999999999	147.060000000000002	152.879999999999995	14548000
531	NVDA	2019-06-17 00:00:00	144.569999999999993	146.520999999999987	143.662000000000006	145.030000000000001	6901000
532	NVDA	2019-06-14 00:00:00	144.509999999999991	145.490000000000009	142.836000000000013	144.639999999999986	9860700
533	NVDA	2019-06-13 00:00:00	147.090000000000003	149	146.379999999999995	148.259999999999991	7702000
534	NVDA	2019-06-12 00:00:00	149	149.25	145.590000000000003	146.199999999999989	8972300
535	NVDA	2019-06-11 00:00:00	150.840000000000003	152.360000000000014	149.159999999999997	150.75	9596800
536	NVDA	2019-06-10 00:00:00	147.759999999999991	151.189999999999998	147.759999999999991	148.430000000000007	10069500
537	NVDA	2019-06-07 00:00:00	144.02000000000001	146.879999999999995	143.25	145.5	8721400
538	NVDA	2019-06-06 00:00:00	141.434300000000007	144.77000000000001	141.349999999999994	143.780000000000001	10203500
539	NVDA	2019-06-05 00:00:00	145.969999999999999	146.189999999999998	139.819999999999993	141.280000000000001	12790400
540	NVDA	2019-06-04 00:00:00	136.360000000000014	143.210000000000008	135.467999999999989	143	16045900
541	NVDA	2019-06-03 00:00:00	135.909999999999997	137.469999999999999	132.599999999999994	133.780000000000001	11966100
542	NVDA	2019-05-31 00:00:00	137.139999999999986	138.449000000000012	135.389999999999986	135.460000000000008	9743000
543	NVDA	2019-05-30 00:00:00	140.310000000000002	141.75	137.569999999999993	139.110000000000014	9857500
544	NVDA	2019-05-29 00:00:00	141.404300000000006	142.819999999999993	138.939999999999998	140.340000000000003	13995000
545	NVDA	2019-05-28 00:00:00	145.860000000000014	147.180000000000007	143.25	143.330000000000013	10708900
546	NVDA	2019-05-24 00:00:00	148.080000000000013	149.5	144.879999999999995	145.150000000000006	8939600
547	NVDA	2019-05-23 00:00:00	149.689999999999998	149.689999999999998	144.914899999999989	147.319999999999993	14796100
548	NVDA	2019-05-22 00:00:00	153.5	154.550000000000011	151.759999999999991	152.199999999999989	8146700
549	NVDA	2019-05-21 00:00:00	154.199999999999989	155.699999999999989	152.639999999999986	155.060000000000002	9046200
550	NVDA	2019-05-20 00:00:00	152.550000000000011	154.77000000000001	150.75	151.75	14301600
551	NVDA	2019-05-17 00:00:00	158.5	163.710000000000008	154.939999999999998	156.530000000000001	25551700
552	NVDA	2019-05-16 00:00:00	159.360000000000014	161.905000000000001	157.650000000000006	160.189999999999998	19527200
553	NVDA	2019-05-15 00:00:00	159.800000000000011	161.050000000000011	157.409999999999997	159.580000000000013	12558000
554	NVDA	2019-05-14 00:00:00	160.050000000000011	163.460000000000008	158.490000000000009	162.039999999999992	13122000
555	NVDA	2019-05-13 00:00:00	163.5	164.430000000000007	157.810000000000002	158.449999999999989	16422800
556	NVDA	2019-05-10 00:00:00	168.949999999999989	171.590000000000003	164	168.819999999999993	14237500
557	NVDA	2019-05-09 00:00:00	171.139999999999986	171.530000000000001	165.402199999999993	170.189999999999998	16506200
558	NVDA	2019-05-08 00:00:00	172	177.150000000000006	171.52000000000001	173.919999999999987	10479200
559	NVDA	2019-05-07 00:00:00	177.900000000000006	177.900000000000006	171.169999999999987	173.110000000000014	13880500
560	NVDA	2019-05-06 00:00:00	175.5	180.340000000000003	174	179.849999999999994	10554400
561	NVDA	2019-05-03 00:00:00	183.530000000000001	183.930000000000007	180.5411	183.009999999999991	8420600
562	NVDA	2019-05-02 00:00:00	180.860000000000014	184.870000000000005	179.115000000000009	183.189999999999998	9867100
563	NVDA	2019-05-01 00:00:00	183.110000000000014	184.810000000000002	180.460000000000008	180.469999999999999	8857000
564	NVDA	2019-04-30 00:00:00	178.030000000000001	182.030000000000001	177.259999999999991	181	9073000
565	NVDA	2019-04-29 00:00:00	178.41040000000001	180.449999999999989	175.5	179.330000000000013	9798000
566	NVDA	2019-04-26 00:00:00	180.710000000000008	180.888000000000005	173.300000000000011	178.090000000000003	21724700
567	NVDA	2019-04-25 00:00:00	189.550000000000011	190.449999999999989	183.699999999999989	186.909999999999997	12482400
568	NVDA	2019-04-24 00:00:00	191.090000000000003	192.810000000000002	188.639999999999986	191.169999999999987	7955100
569	NVDA	2019-04-23 00:00:00	189	191.930000000000007	188.610000000000014	190.669999999999987	8671400
570	NVDA	2019-04-22 00:00:00	185.349999999999994	189.099999999999994	184.080000000000013	188.469999999999999	6998400
571	NVDA	2019-04-18 00:00:00	187.560000000000002	188.930000000000007	185.180000000000007	186.300000000000011	9524700
572	NVDA	2019-04-17 00:00:00	189.620000000000005	190.460000000000008	186.389999999999986	187.289999999999992	8775100
573	NVDA	2019-04-16 00:00:00	186.280000000000001	188.969999999999999	184.963999999999999	188.210000000000008	9874100
574	NVDA	2019-04-15 00:00:00	189.699999999999989	189.900000000000006	183.099999999999994	184.699999999999989	11002300
575	NVDA	2019-04-12 00:00:00	193.099999999999994	193.259999999999991	189.670400000000001	190.009999999999991	11792700
576	NVDA	2019-04-11 00:00:00	192.199999999999989	193.469999999999999	189.550000000000011	191.539999999999992	9365000
577	NVDA	2019-04-10 00:00:00	189.22999999999999	193.139999999999986	189.050000000000011	192.099999999999994	11119300
578	NVDA	2019-04-09 00:00:00	190.439999999999998	190.884399999999999	187.560000000000002	189.259999999999991	10999300
579	NVDA	2019-04-08 00:00:00	189.719999999999999	192.800000000000011	188.75	191.789999999999992	10604800
580	NVDA	2019-04-05 00:00:00	190	191.650000000000006	188.530000000000001	190.949999999999989	12043600
581	NVDA	2019-04-04 00:00:00	187.995599999999996	189.969999999999999	185.72999999999999	188.259999999999991	11434400
582	NVDA	2019-04-03 00:00:00	185	191.007900000000006	184.800000000000011	188.620000000000005	19587600
583	NVDA	2019-04-02 00:00:00	183.25	184.788999999999987	181.52000000000001	183	11023000
584	NVDA	2019-04-01 00:00:00	183.259999999999991	183.5	180.375	182.280000000000001	12095600
585	NVDA	2019-03-29 00:00:00	179.939999999999998	180.539999999999992	177.909999999999997	179.560000000000002	11422400
586	NVDA	2019-03-28 00:00:00	177.550000000000011	179.900000000000006	175.110000000000014	177.25	12006600
587	NVDA	2019-03-27 00:00:00	177.900000000000006	179.764700000000005	173.699999999999989	176.5	11859300
588	NVDA	2019-03-26 00:00:00	179.489000000000004	181.75	174.590699999999998	176.870000000000005	17587700
589	NVDA	2019-03-25 00:00:00	175.854800000000012	178.449999999999989	171.110000000000014	173.780000000000001	13130300
590	NVDA	2019-03-22 00:00:00	182.840000000000003	184.800000000000011	176.940300000000008	177.5	18691100
591	NVDA	2019-03-21 00:00:00	175.321499999999986	185	175.129999999999995	183.939999999999998	20607800
592	NVDA	2019-03-20 00:00:00	176.879999999999995	179.030000000000001	173	174.400000000000006	17978700
593	NVDA	2019-03-19 00:00:00	172.759999999999991	177.5	172.080000000000013	175.710000000000008	21374300
594	NVDA	2019-03-18 00:00:00	171.080000000000013	173.25	167.858000000000004	168.949999999999989	12174800
595	NVDA	2019-03-15 00:00:00	167.300000000000011	171.530000000000001	167.159999999999997	169.810000000000002	16537100
596	NVDA	2019-03-14 00:00:00	168.990000000000009	169.469999999999999	165.25	165.560000000000002	12984600
597	NVDA	2019-03-13 00:00:00	164.030000000000001	169.800000000000011	163.72999999999999	168.620000000000005	19222500
598	NVDA	2019-03-12 00:00:00	162.259999999999991	164.389999999999986	159.189999999999998	162.52000000000001	14489400
599	NVDA	2019-03-11 00:00:00	151.590000000000003	162.060000000000002	149.689999999999998	161.139999999999986	21493200
600	NVDA	2019-03-08 00:00:00	145.666799999999995	151.069999999999993	144.800000000000011	150.639999999999986	10560400
601	NVDA	2019-03-07 00:00:00	151.099999999999994	151.490000000000009	147.400000000000006	149.259999999999991	11252600
602	NVDA	2019-03-06 00:00:00	156.159999999999997	156.5	151.939999999999998	152.050000000000011	10088100
603	NVDA	2019-03-05 00:00:00	156.150000000000006	158.056999999999988	153.960000000000008	156.52000000000001	9073100
604	NVDA	2019-03-04 00:00:00	158	158.919999999999987	154.5	156.780000000000001	10249800
605	NVDA	2019-03-01 00:00:00	156.27000000000001	158.149000000000001	153.919999999999987	156.449999999999989	8929700
606	NVDA	2019-02-28 00:00:00	155	155.900000000000006	153.367199999999997	154.259999999999991	8123600
607	NVDA	2019-02-27 00:00:00	156.52000000000001	157.590000000000003	153.110000000000014	155.409999999999997	12506400
608	NVDA	2019-02-26 00:00:00	158.5	160.759999999999991	155.75	157.099999999999994	12211600
609	NVDA	2019-02-25 00:00:00	162.560000000000002	165.28309999999999	158.340000000000003	158.689999999999998	16400500
610	NVDA	2019-02-22 00:00:00	157.860000000000014	159.949999999999989	157.310000000000002	159.189999999999998	10043500
611	NVDA	2019-02-21 00:00:00	159.060000000000002	160.050000000000011	155.180000000000007	155.77000000000001	11213700
612	NVDA	2019-02-20 00:00:00	157.819999999999993	161.259999999999991	157.370000000000005	158.550000000000011	13524700
613	NVDA	2019-02-19 00:00:00	156.909999999999997	159.889999999999986	156.139999999999986	156.639999999999986	13797300
614	NVDA	2019-02-15 00:00:00	162.949999999999989	163.870000000000005	156.419999999999987	157.340000000000003	37918700
615	NVDA	2019-02-14 00:00:00	152.840000000000003	155.668800000000005	151.099999999999994	154.530000000000001	20681600
616	NVDA	2019-02-13 00:00:00	152.360000000000014	155.830000000000013	151.810000000000002	152.879999999999995	15134300
617	NVDA	2019-02-12 00:00:00	147.994400000000013	151.800000000000011	147.419999999999987	151.169999999999987	14776500
618	NVDA	2019-02-11 00:00:00	146.389999999999986	148.580000000000013	144.5	146.449999999999989	12379500
619	NVDA	2019-02-08 00:00:00	144.710000000000008	148.599999999999994	144.129999999999995	148.169999999999987	11540100
620	NVDA	2019-02-07 00:00:00	151.135799999999989	151.219999999999999	145.689999999999998	147.419999999999987	15928000
621	NVDA	2019-02-06 00:00:00	151.293499999999995	155.599999999999994	151.069999999999993	153	17561600
622	NVDA	2019-02-05 00:00:00	149.659999999999997	151.430000000000007	148.300000000000011	149.949999999999989	13560600
623	NVDA	2019-02-04 00:00:00	145.378600000000006	150.680000000000007	144.47999999999999	149.180000000000007	13214800
624	NVDA	2019-02-01 00:00:00	144.5	146.789999999999992	142.580000000000013	144.72999999999999	15626200
625	NVDA	2019-01-31 00:00:00	137.259999999999991	145.189999999999998	136.38300000000001	143.75	21071300
626	NVDA	2019-01-30 00:00:00	134.669999999999987	137.969999999999999	131.462700000000012	137.389999999999986	24355700
627	NVDA	2019-01-29 00:00:00	136.150000000000006	138.099999999999994	131.009999999999991	131.599999999999994	28848300
628	NVDA	2019-01-28 00:00:00	136.550000000000011	141.639999999999986	131	138.009999999999991	62788200
629	NVDA	2019-01-25 00:00:00	155.439999999999998	160.879999999999995	151.300000000000011	160.150000000000006	28864300
630	NVDA	2019-01-24 00:00:00	152.699999999999989	158.550000000000011	152.509999999999991	157.840000000000003	17724300
631	NVDA	2019-01-23 00:00:00	151	154.565899999999999	148.030000000000001	149.289999999999992	14775500
632	NVDA	2019-01-22 00:00:00	155.710000000000008	156.180000000000007	147.550999999999988	148.77000000000001	16538800
633	NVDA	2019-01-18 00:00:00	153.72999999999999	157.97999999999999	151.650000000000006	156.930000000000007	16283400
634	NVDA	2019-01-17 00:00:00	147.509999999999991	153.330000000000013	146.409999999999997	151.719999999999999	12335900
635	NVDA	2019-01-16 00:00:00	150.969999999999999	152.300000000000011	148.610299999999995	148.840000000000003	11752600
636	NVDA	2019-01-15 00:00:00	151.759999999999991	153.349999999999994	149.129999999999995	149.870000000000005	15425300
637	NVDA	2019-01-14 00:00:00	146.719999999999999	151.460000000000008	145.77000000000001	150.439999999999998	18254200
638	NVDA	2019-01-11 00:00:00	144.330000000000013	149.75	143.210000000000008	148.830000000000013	21869100
639	NVDA	2019-01-10 00:00:00	141.800000000000011	145.580000000000013	139.360000000000014	145.22999999999999	13078900
640	NVDA	2019-01-09 00:00:00	141.900000000000006	144.490000000000009	139.860000000000014	142.580000000000013	15431500
641	NVDA	2019-01-08 00:00:00	146.689999999999998	146.780000000000001	136.900000000000006	139.830000000000013	19650400
642	NVDA	2019-01-07 00:00:00	138.5	144.889999999999986	136.430000000000007	143.400000000000006	17729000
643	NVDA	2019-01-04 00:00:00	130.939999999999998	137.72999999999999	129.699999999999989	136.189999999999998	14640500
644	NVDA	2019-01-03 00:00:00	133.789999999999992	135.159999999999997	127.692999999999998	127.989999999999995	17638800
645	NVDA	2019-01-02 00:00:00	130.639999999999986	138.47999999999999	130.050000000000011	136.219999999999999	12718800
646	CRM	2019-11-06 00:00:00	158.939999999999998	160	157.75	158.930000000000007	4054100
647	CRM	2019-11-05 00:00:00	157.590000000000003	159.120000000000005	155.469999999999999	158.150000000000006	4014800
648	CRM	2019-11-04 00:00:00	160.939999999999998	161.25	156.689999999999998	157.599999999999994	5699600
649	CRM	2019-11-01 00:00:00	157.909999999999997	160.090000000000003	156.75	159.740000000000009	4770600
650	CRM	2019-10-31 00:00:00	156.560000000000002	158.280000000000001	155.210000000000008	156.490000000000009	4578300
651	CRM	2019-10-30 00:00:00	155.740000000000009	158.419999999999987	155.009999999999991	158.280000000000001	4722900
652	CRM	2019-10-29 00:00:00	154.780000000000001	156.129999999999995	154.419999999999987	155.090000000000003	5477000
653	CRM	2019-10-28 00:00:00	151.199999999999989	154.919999999999987	149.430000000000007	154.789999999999992	7576700
654	CRM	2019-10-25 00:00:00	147.050000000000011	150.659999999999997	146.300000000000011	150.490000000000009	4990600
655	CRM	2019-10-24 00:00:00	146.590000000000003	148.789999999999992	146.400000000000006	148.120000000000005	5280100
656	CRM	2019-10-23 00:00:00	142.110000000000014	145.569999999999993	141.490000000000009	145.129999999999995	4761400
657	CRM	2019-10-22 00:00:00	145.050000000000011	145.960000000000008	142.139999999999986	142.330000000000013	4460500
658	CRM	2019-10-21 00:00:00	144.099999999999994	145.189999999999998	143	144.550000000000011	3358000
659	CRM	2019-10-18 00:00:00	146.300000000000011	146.439999999999998	142.400000000000006	144.090000000000003	6080000
660	CRM	2019-10-17 00:00:00	147.580000000000013	148.039999999999992	145.509999999999991	146.169999999999987	5024400
661	CRM	2019-10-16 00:00:00	147.259999999999991	150.849999999999994	145.819999999999993	146.969999999999999	8988600
662	CRM	2019-10-15 00:00:00	149.659999999999997	152.969999999999999	149.620000000000005	152.740000000000009	3942600
663	CRM	2019-10-14 00:00:00	149.400000000000006	150.280000000000001	148.800000000000011	149.370000000000005	1556900
664	CRM	2019-10-11 00:00:00	148.139999999999986	150.710000000000008	148.090000000000003	149.370000000000005	4663900
665	CRM	2019-10-10 00:00:00	146.840000000000003	147.560000000000002	145.509999999999991	146.409999999999997	2687400
666	CRM	2019-10-09 00:00:00	147.27000000000001	147.849999999999994	146.610000000000014	147.050000000000011	2273000
667	CRM	2019-10-08 00:00:00	147.539999999999992	148.340000000000003	145.810000000000002	145.909999999999997	2613200
668	CRM	2019-10-07 00:00:00	147.280000000000001	149.330000000000013	147	148.800000000000011	2704700
669	CRM	2019-10-04 00:00:00	148.280000000000001	148.919999999999987	146.210000000000008	148.030000000000001	3259000
670	CRM	2019-10-03 00:00:00	144	147.060000000000002	142.080000000000013	147	3660900
671	CRM	2019-10-02 00:00:00	146.060000000000002	146.5	143.199999999999989	144.219999999999999	4432400
672	CRM	2019-10-01 00:00:00	149.490000000000009	150.159999999999997	147.25	147.689999999999998	3172900
673	CRM	2019-09-30 00:00:00	147.949999999999989	148.969999999999999	147.409999999999997	148.439999999999998	3671200
674	CRM	2019-09-27 00:00:00	153.120000000000005	153.150000000000006	146.75	148.259999999999991	5858200
675	CRM	2019-09-26 00:00:00	152.419999999999987	153.400000000000006	151.840000000000003	152.340000000000003	3837300
676	CRM	2019-09-25 00:00:00	152.050000000000011	153.210000000000008	148.900000000000006	152.990000000000009	3445000
677	CRM	2019-09-24 00:00:00	154.280000000000001	156.27000000000001	151.090000000000003	152.050000000000011	4120800
678	CRM	2019-09-23 00:00:00	154.150000000000006	155.199999999999989	152.960000000000008	154.650000000000006	3642200
679	CRM	2019-09-20 00:00:00	154.689999999999998	156.879999999999995	153.620000000000005	155.199999999999989	11733000
680	CRM	2019-09-19 00:00:00	153.52000000000001	154.25	152.77000000000001	153.599999999999994	2947000
681	CRM	2019-09-18 00:00:00	152.349999999999994	152.909999999999997	150.569999999999993	152.77000000000001	2951200
682	CRM	2019-09-17 00:00:00	153	153.449999999999989	151.72999999999999	152.819999999999993	3028500
683	CRM	2019-09-16 00:00:00	151.650000000000006	154.099999999999994	151.360000000000014	153.009999999999991	2592300
684	CRM	2019-09-13 00:00:00	154.319999999999993	154.909999999999997	152.740000000000009	152.97999999999999	3763500
685	CRM	2019-09-12 00:00:00	155.039999999999992	156.800000000000011	154.409999999999997	154.75	4993500
686	CRM	2019-09-11 00:00:00	150.090000000000003	154.650000000000006	149.039999999999992	154.090000000000003	6242400
687	CRM	2019-09-10 00:00:00	148.77000000000001	151.659999999999997	147.740000000000009	149.650000000000006	6249700
688	CRM	2019-09-09 00:00:00	151.659999999999997	152.150000000000006	148.090000000000003	149.539999999999992	6265500
689	CRM	2019-09-06 00:00:00	153.969999999999999	154.050000000000011	150.77000000000001	151.069999999999993	4722300
690	CRM	2019-09-05 00:00:00	154.639999999999986	154.740000000000009	151.949999999999989	153.77000000000001	5065400
691	CRM	2019-09-04 00:00:00	154.090000000000003	154.919999999999987	152.319999999999993	152.460000000000008	3604500
692	CRM	2019-09-03 00:00:00	154.210000000000008	155.319999999999993	151.759999999999991	152.72999999999999	4953800
693	CRM	2019-08-30 00:00:00	156.419999999999987	158.219999999999999	153.699999999999989	156.069999999999993	7591000
694	CRM	2019-08-29 00:00:00	153.400000000000006	156	152.659999999999997	155.930000000000007	5979900
695	CRM	2019-08-28 00:00:00	152.5	152.780000000000001	150.870000000000005	151.830000000000013	5326800
696	CRM	2019-08-27 00:00:00	154.259999999999991	155.900000000000006	152.530000000000001	153.569999999999993	6516500
697	CRM	2019-08-26 00:00:00	153.509999999999991	155.210000000000008	151.52000000000001	155.139999999999986	8975400
698	CRM	2019-08-23 00:00:00	157.699999999999989	158.419999999999987	150.650000000000006	151.569999999999993	26531900
699	CRM	2019-08-22 00:00:00	149.490000000000009	149.900000000000006	145.469999999999999	148.240000000000009	11744500
700	CRM	2019-08-21 00:00:00	146.900000000000006	148.389999999999986	146.159999999999997	147.379999999999995	6142400
701	CRM	2019-08-20 00:00:00	144.159999999999997	146.5	143.060000000000002	145.539999999999992	6259200
702	CRM	2019-08-19 00:00:00	145.599999999999994	146.139999999999986	142.879999999999995	143.669999999999987	4632100
703	CRM	2019-08-16 00:00:00	143.066699999999997	145.340000000000003	139.75	143.889999999999986	5341100
704	CRM	2019-08-15 00:00:00	141.099999999999994	143.300000000000011	139.75	142.129999999999995	6647700
705	CRM	2019-08-14 00:00:00	141.289999999999992	142.360000000000014	137.870000000000005	139.719999999999999	8607800
706	CRM	2019-08-13 00:00:00	140.930000000000007	145.006400000000014	140.431999999999988	143.879999999999995	5205800
707	CRM	2019-08-12 00:00:00	141.550000000000011	141.97829999999999	140.050000000000011	140.719999999999999	4389500
708	CRM	2019-08-09 00:00:00	143.610000000000014	144.469999999999999	141.68180000000001	143.370000000000005	5286700
709	CRM	2019-08-08 00:00:00	143.52000000000001	144.95859999999999	142.319999999999993	143.819999999999993	8670300
710	CRM	2019-08-07 00:00:00	140.930000000000007	143.099999999999994	139.060000000000002	141.639999999999986	7635500
711	CRM	2019-08-06 00:00:00	143.789999999999992	144.960000000000008	141.960000000000008	142.800000000000011	6694000
712	CRM	2019-08-05 00:00:00	141.340000000000003	143.75	139.800000000000011	142.819999999999993	13070100
713	CRM	2019-08-02 00:00:00	149.800000000000011	149.914999999999992	145.310000000000002	145.699999999999989	13138900
714	CRM	2019-08-01 00:00:00	154.72999999999999	157.7911	150.409999999999997	150.810000000000002	26124700
715	CRM	2019-07-31 00:00:00	157.389999999999986	157.889999999999986	152.300000000000011	154.5	7454200
716	CRM	2019-07-30 00:00:00	155.340000000000003	158.219999999999999	154.620000000000005	156.960000000000008	4241600
717	CRM	2019-07-29 00:00:00	160.401499999999999	161.199999999999989	155.52000000000001	156.210000000000008	8880500
718	CRM	2019-07-26 00:00:00	159.560000000000002	160.819999999999993	158.72999999999999	159.969999999999999	4979100
719	CRM	2019-07-25 00:00:00	160.132100000000008	161.129999999999995	158.669999999999987	159.349999999999994	6934500
720	CRM	2019-07-24 00:00:00	155.97999999999999	160.249300000000005	155.699999999999989	159.75	4110500
721	CRM	2019-07-23 00:00:00	157.97999999999999	158.449999999999989	155.280000000000001	156.25	4865800
722	CRM	2019-07-22 00:00:00	157.63730000000001	159.050000000000011	157.150000000000006	157.699999999999989	2909500
723	CRM	2019-07-19 00:00:00	159.72999999999999	160.740000000000009	156.289999999999992	156.75	5218800
724	CRM	2019-07-18 00:00:00	157	158.587600000000009	156.210000000000008	157.97999999999999	3724000
725	CRM	2019-07-17 00:00:00	157.680000000000007	159.919999999999987	157.659999999999997	158.240000000000009	4160500
726	CRM	2019-07-16 00:00:00	159.960000000000008	161.610000000000014	156.800000000000011	157.129999999999995	6913100
727	CRM	2019-07-15 00:00:00	158.759999999999991	159.840000000000003	157.47999999999999	159.650000000000006	3603700
728	CRM	2019-07-12 00:00:00	159.400000000000006	159.613200000000006	157.400000000000006	158.080000000000013	4348000
729	CRM	2019-07-11 00:00:00	156.819999999999993	159.300000000000011	156.620000000000005	158.900000000000006	7083200
730	CRM	2019-07-10 00:00:00	154.569999999999993	156.400000000000006	154.569999999999993	156.27000000000001	4966300
731	CRM	2019-07-09 00:00:00	152.080000000000013	154.189999999999998	151.695300000000003	153.949999999999989	4979100
732	CRM	2019-07-08 00:00:00	153.52000000000001	153.689999999999998	152.039999999999992	152.810000000000002	4717400
733	CRM	2019-07-05 00:00:00	153.949999999999989	154.805000000000007	152.569999999999993	154.580000000000013	3940900
734	CRM	2019-07-03 00:00:00	154.539999999999992	155.75	154.159999999999997	155.590000000000003	3885400
735	CRM	2019-07-02 00:00:00	154.289999999999992	154.360000000000014	152.580000000000013	154.120000000000005	4736300
736	CRM	2019-07-01 00:00:00	154.569999999999993	154.740000000000009	151.849999999999994	154.060000000000002	6476400
737	CRM	2019-06-28 00:00:00	150.419999999999987	151.77000000000001	149.599999999999994	151.72999999999999	6936600
738	CRM	2019-06-27 00:00:00	149.889999999999986	150.759999999999991	148.469999999999999	150.689999999999998	6832800
739	CRM	2019-06-26 00:00:00	151.280000000000001	151.379999999999995	148.919999999999987	149.039999999999992	5844900
740	CRM	2019-06-25 00:00:00	152.845699999999994	152.969999999999999	148.590000000000003	149.340000000000003	7362500
741	CRM	2019-06-24 00:00:00	157.389999999999986	157.72999999999999	152.509999999999991	152.560000000000002	6378200
742	CRM	2019-06-21 00:00:00	156.669999999999987	157.789999999999992	155.939999999999998	156.840000000000003	9706900
743	CRM	2019-06-20 00:00:00	156.289999999999992	158.289999999999992	155.419999999999987	157.199999999999989	10153600
744	CRM	2019-06-19 00:00:00	151.689999999999998	154.469999999999999	150.514999999999986	154.139999999999986	8095300
745	CRM	2019-06-18 00:00:00	151.879999999999995	152.949999999999989	150.5	150.590000000000003	7317800
746	CRM	2019-06-17 00:00:00	150.199999999999989	151.283999999999992	149.870000000000005	150.289999999999992	4491800
747	CRM	2019-06-14 00:00:00	151.039999999999992	151.97999999999999	149.47999999999999	150.009999999999991	6248200
748	CRM	2019-06-13 00:00:00	152.159999999999997	152.240000000000009	150.25	151.340000000000003	5173800
749	CRM	2019-06-12 00:00:00	151.110000000000014	152.323800000000006	150.150000000000006	151.280000000000001	7161300
750	CRM	2019-06-11 00:00:00	155.310000000000002	155.710000000000008	148.789999999999992	150.150000000000006	15214300
751	CRM	2019-06-10 00:00:00	153.47999999999999	157.449999999999989	150.830000000000013	152.789999999999992	29856300
752	CRM	2019-06-07 00:00:00	159.840000000000003	162.990000000000009	159.5	161.27000000000001	7175300
753	CRM	2019-06-06 00:00:00	158.5	160	157.330000000000013	159.310000000000002	5601200
754	CRM	2019-06-05 00:00:00	157.150000000000006	158.5	154.550000000000011	158.439999999999998	12072400
755	CRM	2019-06-04 00:00:00	146.050000000000011	150.919999999999987	142.519000000000005	150.810000000000002	12375100
756	CRM	2019-06-03 00:00:00	150.699999999999989	150.699999999999989	143.389999999999986	145.099999999999994	8835200
757	CRM	2019-05-31 00:00:00	152.659999999999997	154.47999999999999	151.259999999999991	151.409999999999997	5326900
758	CRM	2019-05-30 00:00:00	154.319999999999993	155.870000000000005	153.900000000000006	155.659999999999997	4418100
759	CRM	2019-05-29 00:00:00	153.759999999999991	154.060000000000002	151.199999999999989	152.889999999999986	4359500
760	CRM	2019-05-28 00:00:00	155.349999999999994	157.810000000000002	154.389999999999986	155.189999999999998	4934100
761	CRM	2019-05-24 00:00:00	154.889999999999986	156.936000000000007	154.159999999999997	154.509999999999991	3151700
762	CRM	2019-05-23 00:00:00	156.030000000000001	156.340000000000003	152.150000000000006	153.710000000000008	4508200
763	CRM	2019-05-22 00:00:00	155.870000000000005	158.189999999999998	155.840000000000003	157.639999999999986	3170100
764	CRM	2019-05-21 00:00:00	157.360000000000014	157.840000000000003	155.180000000000007	155.780000000000001	3803100
765	CRM	2019-05-20 00:00:00	152.469999999999999	156.090000000000003	151.704000000000008	155.97999999999999	5437600
766	CRM	2019-05-17 00:00:00	156.180000000000007	157.155000000000001	153.169999999999987	154.569999999999993	5314000
767	CRM	2019-05-16 00:00:00	156.759999999999991	159.449999999999989	155.900000000000006	158.47999999999999	5048100
768	CRM	2019-05-15 00:00:00	153.819999999999993	156.379999999999995	151.699999999999989	155.060000000000002	7783800
769	CRM	2019-05-14 00:00:00	155.051700000000011	158.590000000000003	152.919999999999987	158.069999999999993	4954000
770	CRM	2019-05-13 00:00:00	154.919999999999987	156.900000000000006	152.780000000000001	153.150000000000006	5694600
771	CRM	2019-05-10 00:00:00	156.280000000000001	160.614000000000004	154.370800000000003	159.939999999999998	4462200
772	CRM	2019-05-09 00:00:00	154.650000000000006	157.099999999999994	152.385500000000008	156.310000000000002	5809300
773	CRM	2019-05-08 00:00:00	157.110000000000014	157.930000000000007	155.039999999999992	156.860000000000014	4061300
774	CRM	2019-05-07 00:00:00	161.330000000000013	161.669999999999987	154.75	156.900000000000006	6541900
775	CRM	2019-05-06 00:00:00	158.620000000000005	162.840000000000003	157.860000000000014	162.5	2520600
776	CRM	2019-05-03 00:00:00	162.580000000000013	163.5	160.851499999999987	163.340000000000003	3131000
777	CRM	2019-05-02 00:00:00	161.689999999999998	162.699999999999989	159.629999999999995	161.830000000000013	3181100
778	CRM	2019-05-01 00:00:00	166.009999999999991	166.219999999999999	162.139999999999986	162.150000000000006	2707700
779	CRM	2019-04-30 00:00:00	165.189999999999998	166.439999999999998	163.620000000000005	165.349999999999994	3581800
780	CRM	2019-04-29 00:00:00	166.710000000000008	167.560000000000002	165.330000000000013	165.360000000000014	4509700
781	CRM	2019-04-26 00:00:00	162.419999999999987	166.060000000000002	161.280000000000001	165.960000000000008	3342900
782	CRM	2019-04-25 00:00:00	162	163.889999999999986	161	163.090000000000003	5498400
783	CRM	2019-04-24 00:00:00	161.879999999999995	162.490000000000009	159.400000000000006	159.560000000000002	3384900
784	CRM	2019-04-23 00:00:00	159.759999999999991	161.400000000000006	158.409999999999997	161.22999999999999	3418400
785	CRM	2019-04-22 00:00:00	155.449999999999989	159.143200000000007	155.280000000000001	158.759999999999991	2943300
786	CRM	2019-04-18 00:00:00	154.900000000000006	156.207999999999998	153.169999999999987	155.990000000000009	4391500
787	CRM	2019-04-17 00:00:00	159.050000000000011	159.050000000000011	155.069999999999993	155.340000000000003	4765500
788	CRM	2019-04-16 00:00:00	160.039999999999992	160.259999999999991	157.75	158.689999999999998	3004800
789	CRM	2019-04-15 00:00:00	161.006100000000004	162.031000000000006	159.490000000000009	160.090000000000003	2608400
790	CRM	2019-04-12 00:00:00	162	162.5	159.5	160.710000000000008	2844200
791	CRM	2019-04-11 00:00:00	160.159999999999997	160.830000000000013	159.02000000000001	160.72999999999999	2578400
792	CRM	2019-04-10 00:00:00	158.199999999999989	160.379999999999995	157.650000000000006	160.240000000000009	3414700
793	CRM	2019-04-09 00:00:00	157.039999999999992	158.352000000000004	156.650000000000006	156.969999999999999	5642900
794	CRM	2019-04-08 00:00:00	158.400000000000006	158.789999999999992	156.449999999999989	158.469999999999999	2848400
795	CRM	2019-04-05 00:00:00	159.629999999999995	160.240000000000009	158.02000000000001	158.560000000000002	4315300
796	CRM	2019-04-04 00:00:00	162.710000000000008	162.800000000000011	155.830000000000013	158.52000000000001	6295200
797	CRM	2019-04-03 00:00:00	161.780000000000001	163.139999999999986	160.650000000000006	162.620000000000005	3819100
798	CRM	2019-04-02 00:00:00	160.860000000000014	160.990000000000009	158.909999999999997	160.509999999999991	3158400
799	CRM	2019-04-01 00:00:00	160.099999999999994	161.680000000000007	158.510999999999996	161.180000000000007	4601100
800	CRM	2019-03-29 00:00:00	156.870000000000005	158.5	155.425000000000011	158.370000000000005	4913100
801	CRM	2019-03-28 00:00:00	155.689999999999998	156.47999999999999	153.509999999999991	155.180000000000007	4424800
802	CRM	2019-03-27 00:00:00	159	159.300000000000011	152.370000000000005	155.120000000000005	8218700
803	CRM	2019-03-26 00:00:00	161.430000000000007	162.069999999999993	157.389999999999986	159.400000000000006	6910300
804	CRM	2019-03-25 00:00:00	160.22999999999999	161.606099999999998	159.22399999999999	160.879999999999995	3795400
805	CRM	2019-03-22 00:00:00	165.960000000000008	166.490000000000009	161.349999999999994	161.5	5614300
806	CRM	2019-03-21 00:00:00	163.169999999999987	166.990000000000009	162.75	166.949999999999989	4277800
807	CRM	2019-03-20 00:00:00	163.840000000000003	164.949999999999989	161.509999999999991	163.509999999999991	4391000
808	CRM	2019-03-19 00:00:00	162.52000000000001	164.620000000000005	161.599999999999994	163.930000000000007	4379000
809	CRM	2019-03-18 00:00:00	161.400000000000006	163.330000000000013	160.879999999999995	161.949999999999989	3575500
810	CRM	2019-03-15 00:00:00	160.639999999999986	162.180000000000007	159.189999999999998	161.509999999999991	6743700
811	CRM	2019-03-14 00:00:00	160.949999999999989	161.590000000000003	159.740000000000009	160.669999999999987	3247200
812	CRM	2019-03-13 00:00:00	158.849999999999994	162	158.610000000000014	159.810000000000002	5230600
813	CRM	2019-03-12 00:00:00	158	159.370000000000005	157.159999999999997	158.280000000000001	4082100
814	CRM	2019-03-11 00:00:00	155.900000000000006	157.77000000000001	153.430000000000007	157.650000000000006	5699500
815	CRM	2019-03-08 00:00:00	152.012	155.409999999999997	150.25	155.060000000000002	4800700
816	CRM	2019-03-07 00:00:00	156.090000000000003	157.590000000000003	154.810000000000002	155.599999999999994	6916500
817	CRM	2019-03-06 00:00:00	157.129999999999995	160.25	156.277999999999992	156.789999999999992	7436300
818	CRM	2019-03-05 00:00:00	159.919999999999987	160.879999999999995	154.801299999999998	156.969999999999999	16042900
819	CRM	2019-03-04 00:00:00	165.560000000000002	165.789999999999992	155.411100000000005	158.5	17886300
820	CRM	2019-03-01 00:00:00	165.150000000000006	166.150000000000006	161.75	164.530000000000001	6919900
821	CRM	2019-02-28 00:00:00	163	164.599999999999994	162.169999999999987	163.650000000000006	6908100
822	CRM	2019-02-27 00:00:00	162.289999999999992	163.530000000000001	160.5	163.120000000000005	4278300
823	CRM	2019-02-26 00:00:00	160.810000000000002	163.379999999999995	159.870000000000005	163	4496300
824	CRM	2019-02-25 00:00:00	162.509999999999991	163.060000000000002	160.930000000000007	161.360000000000014	5076700
825	CRM	2019-02-22 00:00:00	160.469999999999999	161.710000000000008	160.199999999999989	161.310000000000002	4175000
826	CRM	2019-02-21 00:00:00	157.699999999999989	160.47999999999999	157.300000000000011	159.629999999999995	4463000
827	CRM	2019-02-20 00:00:00	160.330000000000013	161.490000000000009	157.210000000000008	158.539999999999992	7047200
828	CRM	2019-02-19 00:00:00	159.659999999999997	161.47999999999999	159.139999999999986	160.610000000000014	3883200
829	CRM	2019-02-15 00:00:00	160.990000000000009	161.219999999999999	158.090000000000003	159.050000000000011	5282000
830	CRM	2019-02-14 00:00:00	159.469999999999999	160.439999999999998	156.708499999999987	159.469999999999999	5061100
831	CRM	2019-02-13 00:00:00	163.439999999999998	163.569999999999993	160.264499999999998	160.400000000000006	5296000
832	CRM	2019-02-12 00:00:00	161.25	163.389999999999986	160.030000000000001	162.789999999999992	5631700
833	CRM	2019-02-11 00:00:00	158.199999999999989	161.5	157.569999999999993	159.909999999999997	7125500
834	CRM	2019-02-08 00:00:00	152.909999999999997	156.699999999999989	152.710000000000008	156.669999999999987	3018700
835	CRM	2019-02-07 00:00:00	155.960000000000008	157.060000000000002	153.360000000000014	154.930000000000007	4545500
836	CRM	2019-02-06 00:00:00	159	159.099999999999994	155.080000000000013	158.129999999999995	4205100
837	CRM	2019-02-05 00:00:00	158.340000000000003	159.879999999999995	157.814999999999998	158.990000000000009	4575600
838	CRM	2019-02-04 00:00:00	156.02000000000001	158.900000000000006	155.409999999999997	157.719999999999999	5264700
839	CRM	2019-02-01 00:00:00	152.400000000000006	155.949999999999989	151.069999999999993	155.870000000000005	5959200
840	CRM	2019-01-31 00:00:00	149.02000000000001	153.379999999999995	148.713200000000001	151.969999999999999	8615900
841	CRM	2019-01-30 00:00:00	147.189999999999998	149.689999999999998	146.080000000000013	149.159999999999997	4653400
842	CRM	2019-01-29 00:00:00	147.069999999999993	148.003299999999996	144.640999999999991	145.180000000000007	3915100
843	CRM	2019-01-28 00:00:00	148.169999999999987	148.199999999999989	146.099999999999994	147.330000000000013	4054700
844	CRM	2019-01-25 00:00:00	148.530000000000001	149.889999999999986	147.550000000000011	149.740000000000009	4600800
845	CRM	2019-01-24 00:00:00	149.949999999999989	150.5	146.52000000000001	146.870000000000005	6734700
846	CRM	2019-01-23 00:00:00	149.72999999999999	150.800000000000011	147.650000000000006	149.75	3335400
847	CRM	2019-01-22 00:00:00	150.340000000000003	151.379999999999995	147.400000000000006	148.949999999999989	5203300
848	CRM	2019-01-18 00:00:00	151.830000000000013	153.27000000000001	150.240000000000009	152.509999999999991	6151200
849	CRM	2019-01-17 00:00:00	148.539999999999992	150.719999999999999	147.685000000000002	149.819999999999993	3743200
850	CRM	2019-01-16 00:00:00	149.150000000000006	149.789999999999992	147.800000000000011	148.539999999999992	3936800
851	CRM	2019-01-15 00:00:00	146.349999999999994	149.860000000000014	145.800000000000011	149.189999999999998	5350400
852	CRM	2019-01-14 00:00:00	145.75	146.72999999999999	144.699999999999989	146.050000000000011	5815500
853	CRM	2019-01-11 00:00:00	146.560000000000002	148.034999999999997	145.610000000000014	147.550000000000011	5185200
854	CRM	2019-01-10 00:00:00	143.77000000000001	147.210000000000008	143.764900000000011	147.039999999999992	5116900
855	CRM	2019-01-09 00:00:00	146.889999999999986	147.5	144.530000000000001	145.990000000000009	5445900
856	CRM	2019-01-08 00:00:00	144.72999999999999	146.460000000000008	142.890999999999991	145.719999999999999	9057300
857	CRM	2019-01-07 00:00:00	141.020199999999988	143.389999999999986	138.789999999999992	142.219999999999999	9064800
858	CRM	2019-01-04 00:00:00	133.5	139.319999999999993	132.219999999999999	137.960000000000008	6650600
859	CRM	2019-01-03 00:00:00	133.47999999999999	134.780000000000001	130.099999999999994	130.400000000000006	6365700
860	CRM	2019-01-02 00:00:00	133.400000000000006	136.830000000000013	133.050000000000011	135.550000000000011	4783900
861	TWLO	2019-11-06 00:00:00	91.5	93.480000000000004	90.1500000000000057	92.269999999999996	3475435
862	TWLO	2019-11-05 00:00:00	92	93.4599999999999937	89.8100000000000023	91.3299999999999983	5190400
863	TWLO	2019-11-04 00:00:00	96.4599999999999937	96.75	91.6400000000000006	92.0100000000000051	8381200
864	TWLO	2019-11-01 00:00:00	95.6400000000000006	98.8700000000000045	95.5100000000000051	97.0600000000000023	4929000
865	TWLO	2019-10-31 00:00:00	98.5799999999999983	99.7849999999999966	92.8900000000000006	96.5600000000000023	15358900
866	TWLO	2019-10-30 00:00:00	107.010000000000005	109.659999999999997	105.599999999999994	107.700000000000003	7105300
867	TWLO	2019-10-29 00:00:00	106.120000000000005	107.540000000000006	105.099999999999994	105.099999999999994	2739000
868	TWLO	2019-10-28 00:00:00	107.670000000000002	107.986000000000004	105.489999999999995	106.400000000000006	2136400
869	TWLO	2019-10-25 00:00:00	104.5	107.900000000000006	103.400000000000006	106.980000000000004	2699300
870	TWLO	2019-10-24 00:00:00	102.849999999999994	105.939999999999998	102.310000000000002	105.629999999999995	3689300
871	TWLO	2019-10-23 00:00:00	100.200000000000003	104.390000000000001	99.7000000000000028	100.5	3823000
872	TWLO	2019-10-22 00:00:00	106.780000000000001	106.780000000000001	100.079999999999998	100.650000000000006	6011900
873	TWLO	2019-10-21 00:00:00	106.599999999999994	107.780000000000001	104.826999999999998	105.540000000000006	3004300
874	TWLO	2019-10-18 00:00:00	110.260000000000005	110.359999999999999	103.799999999999997	106.349999999999994	4837200
875	TWLO	2019-10-17 00:00:00	110.129999999999995	110.489999999999995	107.909999999999997	110.049999999999997	2616300
876	TWLO	2019-10-16 00:00:00	111.620000000000005	112.870000000000005	108.867999999999995	109.799999999999997	4328000
877	TWLO	2019-10-15 00:00:00	117	118.340000000000003	115	115.209999999999994	2187500
878	TWLO	2019-10-14 00:00:00	114.069999999999993	117.049999999999997	113.549999999999997	116.590000000000003	1831100
879	TWLO	2019-10-11 00:00:00	112.640000000000001	115.430000000000007	111.099999999999994	114.340000000000003	4001900
880	TWLO	2019-10-10 00:00:00	110.349999999999994	112.519999999999996	110.049999999999997	110.290000000000006	2075700
881	TWLO	2019-10-09 00:00:00	109.439999999999998	111.430000000000007	108.310000000000002	111.030000000000001	1900200
882	TWLO	2019-10-08 00:00:00	111.670000000000002	112.688999999999993	108.280000000000001	108.400000000000006	2817700
883	TWLO	2019-10-07 00:00:00	111.159999999999997	113.805000000000007	110.849999999999994	112.909999999999997	2067000
884	TWLO	2019-10-04 00:00:00	111.409999999999997	112.837000000000003	109.876000000000005	112.079999999999998	2909100
885	TWLO	2019-10-03 00:00:00	106.870000000000005	111.390000000000001	104.150000000000006	110.5	5523300
886	TWLO	2019-10-02 00:00:00	107.5	109.299999999999997	105.399000000000001	106.609999999999999	2850200
887	TWLO	2019-10-01 00:00:00	109.599999999999994	110.819999999999993	107.909999999999997	109.730000000000004	2992000
888	TWLO	2019-09-30 00:00:00	106.5	110.849999999999994	104.215999999999994	109.959999999999994	4777100
889	TWLO	2019-09-27 00:00:00	110.239999999999995	111.129999999999995	104.840000000000003	106.560000000000002	3855600
890	TWLO	2019-09-26 00:00:00	111.390000000000001	112.310000000000002	108.409999999999997	110.900000000000006	3022600
891	TWLO	2019-09-25 00:00:00	108.450000000000003	110.799999999999997	105.129999999999995	110.430000000000007	3982200
892	TWLO	2019-09-24 00:00:00	112.980000000000004	113.469999999999999	106.829999999999998	109.109999999999999	4873600
893	TWLO	2019-09-23 00:00:00	113.75	114.540000000000006	112.930000000000007	112.930000000000007	2077100
894	TWLO	2019-09-20 00:00:00	115.890000000000001	117.230000000000004	111.195999999999998	114.219999999999999	5674600
895	TWLO	2019-09-19 00:00:00	117	117	113.329999999999998	115.109999999999999	5707100
896	TWLO	2019-09-18 00:00:00	112.5	112.989999999999995	110.879999999999995	112.549999999999997	3293200
897	TWLO	2019-09-17 00:00:00	112.950000000000003	113.25	110.109999999999999	112.319999999999993	3283100
898	TWLO	2019-09-16 00:00:00	108.390000000000001	111.814999999999998	107.664000000000001	110.650000000000006	3055200
899	TWLO	2019-09-13 00:00:00	112.469999999999999	113.079999999999998	108.719999999999999	109.590000000000003	4032100
900	TWLO	2019-09-12 00:00:00	111.900000000000006	115.209999999999994	111.349999999999994	113.099999999999994	6370800
901	TWLO	2019-09-11 00:00:00	110.709999999999994	113.739999999999995	109.549999999999997	109.719999999999999	7376500
902	TWLO	2019-09-10 00:00:00	109.870000000000005	115.984999999999999	107	110.010000000000005	8088000
903	TWLO	2019-09-09 00:00:00	123.989999999999995	124.349999999999994	108.599999999999994	111.879999999999995	11808500
904	TWLO	2019-09-06 00:00:00	130.889999999999986	131.560000000000002	123.349999999999994	123.700000000000003	3837200
905	TWLO	2019-09-05 00:00:00	133.569999999999993	133.990000000000009	127.439999999999998	129.72999999999999	4098800
906	TWLO	2019-09-04 00:00:00	130.599999999999994	133.967000000000013	130	132.319999999999993	1873200
907	TWLO	2019-09-03 00:00:00	129.5	131.759999999999991	128.400000000000006	129.699999999999989	2331200
908	TWLO	2019-08-30 00:00:00	133.219999999999999	133.219999999999999	127.769999999999996	130.469999999999999	2124400
909	TWLO	2019-08-29 00:00:00	132.280000000000001	133.949999999999989	131.340000000000003	132.050000000000011	2311200
910	TWLO	2019-08-28 00:00:00	130.240000000000009	131.620000000000005	128.099999999999994	130.909999999999997	1771100
911	TWLO	2019-08-27 00:00:00	131.300000000000011	134.590000000000003	128.689999999999998	131.47999999999999	2631800
912	TWLO	2019-08-26 00:00:00	129.319999999999993	130.199999999999989	126.420000000000002	129.97999999999999	2301300
913	TWLO	2019-08-23 00:00:00	130.449999999999989	133.800000000000011	127.569999999999993	127.959999999999994	2952400
914	TWLO	2019-08-22 00:00:00	131.550000000000011	132	127.439999999999998	130.5	2206000
915	TWLO	2019-08-21 00:00:00	128.219999999999999	132.580000000000013	127.659999999999997	131.060000000000002	3157100
916	TWLO	2019-08-20 00:00:00	125.549999999999997	128.099999999999994	124.5	126.859999999999999	1868500
917	TWLO	2019-08-19 00:00:00	126.450000000000003	127.829999999999998	125.310000000000002	125.609999999999999	2859300
918	TWLO	2019-08-16 00:00:00	124.459999999999994	126.890000000000001	122.019999999999996	124.760000000000005	2453400
919	TWLO	2019-08-15 00:00:00	126.310000000000002	126.890000000000001	122.019999999999996	123.170000000000002	3335200
920	TWLO	2019-08-14 00:00:00	128.099999999999994	129.599999999999994	123.430000000000007	124.75	4636500
921	TWLO	2019-08-13 00:00:00	130.419999999999987	134.240000000000009	129.509999999999991	132.050000000000011	3690400
922	TWLO	2019-08-12 00:00:00	132.47999999999999	133.509999999999991	127.700000000000003	131.490000000000009	3408800
923	TWLO	2019-08-09 00:00:00	130.439999999999998	134.969999999999999	129.640999999999991	133.719999999999999	4149900
924	TWLO	2019-08-08 00:00:00	125.709999999999994	131.680000000000007	125.140000000000001	131.680000000000007	4774200
925	TWLO	2019-08-07 00:00:00	124.5	126.890000000000001	122.516999999999996	123.900000000000006	3784500
926	TWLO	2019-08-06 00:00:00	126.900000000000006	127.866	123.670000000000002	125.569999999999993	5265300
927	TWLO	2019-08-05 00:00:00	125.999399999999994	126.730000000000004	122.109999999999999	124.519999999999996	9018300
928	TWLO	2019-08-02 00:00:00	136.419999999999987	136.719999999999999	132.159999999999997	133.699999999999989	5075800
929	TWLO	2019-08-01 00:00:00	137.990000000000009	143.97999999999999	135.550000000000011	137.830000000000013	8147700
930	TWLO	2019-07-31 00:00:00	141.050000000000011	142.900000000000006	136.110000000000014	139.110000000000014	6113100
931	TWLO	2019-07-30 00:00:00	140.900000000000006	143.900000000000006	139.560000000000002	140	4479000
932	TWLO	2019-07-29 00:00:00	150	150.389999999999986	140.080000000000013	141.5	5350700
933	TWLO	2019-07-26 00:00:00	148.150000000000006	150.370000000000005	148.080999999999989	149.949999999999989	3136300
934	TWLO	2019-07-25 00:00:00	147.610000000000014	149.5	146.199999999999989	147.759999999999991	2323900
935	TWLO	2019-07-24 00:00:00	145.459000000000003	147.710000000000008	143.173000000000002	147.610000000000014	2390900
936	TWLO	2019-07-23 00:00:00	148.199999999999989	148.989000000000004	143.47999999999999	145.569999999999993	2811100
937	TWLO	2019-07-22 00:00:00	146.189999999999998	150.439999999999998	146.02000000000001	147.460000000000008	3453900
938	TWLO	2019-07-19 00:00:00	146.900000000000006	147.689999999999998	145	145.620000000000005	2771500
939	TWLO	2019-07-18 00:00:00	144.430000000000007	147.164999999999992	143.310000000000002	145.97999999999999	3989100
940	TWLO	2019-07-17 00:00:00	142.77000000000001	146.469999999999999	142.259999999999991	145.860000000000014	2459500
941	TWLO	2019-07-16 00:00:00	146	147.349999999999994	141.610000000000014	142.590000000000003	3081500
942	TWLO	2019-07-15 00:00:00	142.379999999999995	145.870000000000005	140.855999999999995	145.400000000000006	2606900
943	TWLO	2019-07-12 00:00:00	144	144.889999999999986	140.669999999999987	142.150000000000006	2886600
944	TWLO	2019-07-11 00:00:00	146.168299999999988	146.900000000000006	142.710000000000008	144.259999999999991	2729900
945	TWLO	2019-07-10 00:00:00	147.608000000000004	149.97999999999999	145.150000000000006	145.439999999999998	3419300
946	TWLO	2019-07-09 00:00:00	144.490000000000009	146.849999999999994	143.150000000000006	145.25	3101400
947	TWLO	2019-07-08 00:00:00	138.509999999999991	145.580000000000013	138.099999999999994	144.72999999999999	3553700
948	TWLO	2019-07-05 00:00:00	138.430000000000007	140.289999999999992	134.745000000000005	140.27000000000001	3430000
949	TWLO	2019-07-03 00:00:00	138.599999999999994	140.990000000000009	138.210000000000008	139.210000000000008	2256800
950	TWLO	2019-07-02 00:00:00	137.72999999999999	139.5	136.521999999999991	137.5	2785000
951	TWLO	2019-07-01 00:00:00	138.319999999999993	139.150000000000006	135.264999999999986	136.860000000000014	3067800
952	TWLO	2019-06-28 00:00:00	137.460000000000008	138.780000000000001	134.009999999999991	136.349999999999994	4233400
953	TWLO	2019-06-27 00:00:00	133.960000000000008	138.400000000000006	133.481999999999999	137.319999999999993	3462200
954	TWLO	2019-06-26 00:00:00	137.180000000000007	139.501000000000005	133.550000000000011	134.180000000000007	3558700
955	TWLO	2019-06-25 00:00:00	138.509999999999991	138.75	133.683999999999997	134.870000000000005	3547400
956	TWLO	2019-06-24 00:00:00	144.530000000000001	144.699999999999989	137.680000000000007	138.409999999999997	3782600
957	TWLO	2019-06-21 00:00:00	145.150000000000006	146.879999999999995	142.75	144	4127400
958	TWLO	2019-06-20 00:00:00	149.460000000000008	151	145.050000000000011	146.659999999999997	3468700
959	TWLO	2019-06-19 00:00:00	142.650000000000006	147.099999999999994	140.710000000000008	146.5	2734800
960	TWLO	2019-06-18 00:00:00	144.97999999999999	145.490000000000009	141.97999999999999	142.289999999999992	3573500
961	TWLO	2019-06-17 00:00:00	140.659999999999997	144.02000000000001	139.199999999999989	140.710000000000008	3357400
962	TWLO	2019-06-14 00:00:00	140.759999999999991	141.280000000000001	138.590000000000003	140.169999999999987	2308800
963	TWLO	2019-06-13 00:00:00	143.090000000000003	143.879999999999995	139.960000000000008	141.060000000000002	2318000
964	TWLO	2019-06-12 00:00:00	141.469999999999999	144.336099999999988	139.5	143.090000000000003	2941400
965	TWLO	2019-06-11 00:00:00	145	146.289999999999992	138.030000000000001	140.689999999999998	3848900
966	TWLO	2019-06-10 00:00:00	145	148.800000000000011	143.030000000000001	143.620000000000005	4185200
967	TWLO	2019-06-07 00:00:00	141.120000000000005	144.620000000000005	140.5	144.110000000000014	4964100
968	TWLO	2019-06-06 00:00:00	136.849999999999994	140.389999999999986	131.370000000000005	139.629999999999995	4927300
969	TWLO	2019-06-05 00:00:00	130.939999999999998	137.080000000000013	128.629999999999995	136.77000000000001	5047900
970	TWLO	2019-06-04 00:00:00	126.299999999999997	128.889999999999986	123.659999999999997	128.389999999999986	5298200
971	TWLO	2019-06-03 00:00:00	132.77000000000001	135.497000000000014	123.260000000000005	124.540000000000006	6179000
972	TWLO	2019-05-31 00:00:00	124.390000000000001	134.25	123	131.990000000000009	10270800
973	TWLO	2019-05-30 00:00:00	126.650000000000006	128.719999999999999	123.439999999999998	126.930000000000007	4575400
974	TWLO	2019-05-29 00:00:00	131.129999999999995	132.969999999999999	128.280000000000001	129.169999999999987	3297200
975	TWLO	2019-05-28 00:00:00	134.449999999999989	137.350999999999999	131.90100000000001	132.949999999999989	6369100
976	TWLO	2019-05-24 00:00:00	134.700999999999993	136.810000000000002	133.099999999999994	133.900000000000006	3394600
977	TWLO	2019-05-23 00:00:00	136.47999999999999	136.599999999999994	130.849999999999994	132.960000000000008	3492800
978	TWLO	2019-05-22 00:00:00	136.939999999999998	141.159999999999997	136.742999999999995	137.840000000000003	2631600
979	TWLO	2019-05-21 00:00:00	139	141.367999999999995	137.629999999999995	137.710000000000008	3340100
980	TWLO	2019-05-20 00:00:00	137.5	140.467999999999989	136.139999999999986	137.659999999999997	3715300
981	TWLO	2019-05-17 00:00:00	140.639999999999986	143.050000000000011	137.900000000000006	140.490000000000009	5268000
982	TWLO	2019-05-16 00:00:00	136.030000000000001	144.620000000000005	136	142.370000000000005	7630900
983	TWLO	2019-05-15 00:00:00	127.819999999999993	135.502999999999986	127.819999999999993	135.449999999999989	5056000
984	TWLO	2019-05-14 00:00:00	126	131.151999999999987	124.218000000000004	131.080000000000013	5825700
985	TWLO	2019-05-13 00:00:00	130.900000000000006	131.990000000000009	122.560000000000002	123.390000000000001	7305200
986	TWLO	2019-05-10 00:00:00	132.599999999999994	136.340000000000003	130.143000000000001	134.280000000000001	4840100
987	TWLO	2019-05-09 00:00:00	130.680000000000007	133.249400000000009	126.819999999999993	133.129999999999995	3957800
988	TWLO	2019-05-08 00:00:00	129	132.945999999999998	128.378999999999991	131.659999999999997	2982700
989	TWLO	2019-05-07 00:00:00	132.340000000000003	132.939999999999998	127.540000000000006	129.580000000000013	4567900
990	TWLO	2019-05-06 00:00:00	127.040000000000006	132.280000000000001	126.799999999999997	131.800000000000011	4062800
991	TWLO	2019-05-03 00:00:00	131.939999999999998	132.259999999999991	129.02000000000001	130.870000000000005	3793800
992	TWLO	2019-05-02 00:00:00	127.780000000000001	134.379999999999995	126.75	131.939999999999998	5990300
993	TWLO	2019-05-01 00:00:00	142.199999999999989	142.199999999999989	128.210000000000008	128.569999999999993	14128200
994	TWLO	2019-04-30 00:00:00	134.108200000000011	137.189999999999998	132.009999999999991	137.139999999999986	5250300
995	TWLO	2019-04-29 00:00:00	135.900000000000006	137.402500000000003	134.340000000000003	135.990000000000009	3666500
996	TWLO	2019-04-26 00:00:00	133	135.189999999999998	131.009999999999991	134.919999999999987	2846200
997	TWLO	2019-04-25 00:00:00	131.22999999999999	134.370000000000005	129.530000000000001	132.25	2893000
998	TWLO	2019-04-24 00:00:00	130.099999999999994	131.19550000000001	128.675000000000011	129.990000000000009	2192400
999	TWLO	2019-04-23 00:00:00	129.159999999999997	130.310000000000002	126.939999999999998	129.27000000000001	2988100
1000	TWLO	2019-04-22 00:00:00	122	128.300000000000011	121.530000000000001	127.959999999999994	2723700
1001	TWLO	2019-04-18 00:00:00	122.299999999999997	123	118.560000000000002	122.129999999999995	4225500
1002	TWLO	2019-04-17 00:00:00	127.200000000000003	127.349999999999994	121.599999999999994	123.079999999999998	2732500
1003	TWLO	2019-04-16 00:00:00	126.75	130.1541	125.959999999999994	126.560000000000002	2843500
1004	TWLO	2019-04-15 00:00:00	125.299999999999997	127.780000000000001	123.810000000000002	127.189999999999998	2375100
1005	TWLO	2019-04-12 00:00:00	126.259799999999998	126.75	123.596999999999994	125.719999999999999	2454900
1006	TWLO	2019-04-11 00:00:00	125.799999999999997	126.469999999999999	123.099999999999994	125.700000000000003	1875900
1007	TWLO	2019-04-10 00:00:00	123.439999999999998	125.790000000000006	122.430000000000007	125.219999999999999	2188800
1008	TWLO	2019-04-09 00:00:00	122.230000000000004	124.930000000000007	121.587299999999999	122.700000000000003	2842100
1009	TWLO	2019-04-08 00:00:00	121.665800000000004	122.400000000000006	119.099999999999994	122.120000000000005	2707100
1010	TWLO	2019-04-05 00:00:00	123.150000000000006	123.909999999999997	120.540000000000006	122.420000000000002	4574200
1011	TWLO	2019-04-04 00:00:00	129.919999999999987	130.22999999999999	118.480000000000004	122.370000000000005	7238300
1012	TWLO	2019-04-03 00:00:00	130.52000000000001	131.650000000000006	128.594300000000004	129.379999999999995	1833700
1013	TWLO	2019-04-02 00:00:00	127.010000000000005	130	125.879999999999995	129.789999999999992	2379800
1014	TWLO	2019-04-01 00:00:00	131.580000000000013	131.949999999999989	125.319999999999993	127.670000000000002	3895900
1015	TWLO	2019-03-29 00:00:00	127.150000000000006	130.719999999999999	126.140000000000001	129.180000000000007	3286400
1016	TWLO	2019-03-28 00:00:00	127.650000000000006	128.370000000000005	124.120000000000005	125.730000000000004	3568100
1017	TWLO	2019-03-27 00:00:00	132.400000000000006	132.576999999999998	124.620000000000005	126.480000000000004	4030000
1018	TWLO	2019-03-26 00:00:00	133.509999999999991	134.840599999999995	130.469999999999999	131.870000000000005	2608100
1019	TWLO	2019-03-25 00:00:00	129.52000000000001	132.889999999999986	127.269999999999996	131.550000000000011	4336900
1020	TWLO	2019-03-22 00:00:00	135	135.787000000000006	128.659999999999997	129.530000000000001	4193900
1021	TWLO	2019-03-21 00:00:00	130.180000000000007	136	130.02000000000001	135.659999999999997	3838400
1022	TWLO	2019-03-20 00:00:00	130.099999999999994	132.389999999999986	127.680000000000007	130.650000000000006	2772600
1023	TWLO	2019-03-19 00:00:00	130.120000000000005	131.759999999999991	128.569999999999993	130.379999999999995	3247100
1024	TWLO	2019-03-18 00:00:00	131.300000000000011	133.319999999999993	127.159999999999997	129.349999999999994	3785400
1025	TWLO	2019-03-15 00:00:00	129.189999999999998	130.719999999999999	127.439999999999998	129.409999999999997	3593000
1026	TWLO	2019-03-14 00:00:00	127.010000000000005	131.360000000000014	126.412000000000006	130	3826800
1027	TWLO	2019-03-13 00:00:00	126.659999999999997	129.430000000000007	125.909999999999997	126.780000000000001	4109900
1028	TWLO	2019-03-12 00:00:00	122.862200000000001	126.959999999999994	121.340000000000003	125.700000000000003	4188400
1029	TWLO	2019-03-11 00:00:00	117.400000000000006	123	117.329999999999998	122.090000000000003	4003100
1030	TWLO	2019-03-08 00:00:00	113.219999999999999	117	111.519999999999996	116.799999999999997	2833900
1031	TWLO	2019-03-07 00:00:00	114.732600000000005	117.569999999999993	113.709999999999994	115.5	4136600
1032	TWLO	2019-03-06 00:00:00	115	116.480000000000004	113.107299999999995	114.629999999999995	3212500
1033	TWLO	2019-03-05 00:00:00	115	115.239999999999995	110.599999999999994	115.180000000000007	4731500
1034	TWLO	2019-03-04 00:00:00	124.709999999999994	124.849999999999994	112.253	116.099999999999994	6576900
1035	TWLO	2019-03-01 00:00:00	123.25	123.900000000000006	121.269999999999996	123.530000000000001	3026100
1036	TWLO	2019-02-28 00:00:00	118.849999999999994	122.370000000000005	118.329999999999998	121.689999999999998	4219200
1037	TWLO	2019-02-27 00:00:00	116.414100000000005	119.469999999999999	116.349999999999994	119.459999999999994	3262600
1038	TWLO	2019-02-26 00:00:00	117.099999999999994	118.959999999999994	116.25	116.920000000000002	2456800
1039	TWLO	2019-02-25 00:00:00	118.569999999999993	121.099999999999994	116.325999999999993	118.269999999999996	4416600
1040	TWLO	2019-02-22 00:00:00	114.099999999999994	116.609999999999999	113.629999999999995	116.549999999999997	3173000
1041	TWLO	2019-02-21 00:00:00	116.439999999999998	116.515799999999999	111.719999999999999	113.159999999999997	4667400
1042	TWLO	2019-02-20 00:00:00	113	119.25	112.75	116.299999999999997	8181100
1043	TWLO	2019-02-19 00:00:00	106.090000000000003	112.849999999999994	106.079999999999998	112.569999999999993	7687900
1044	TWLO	2019-02-15 00:00:00	106.200000000000003	107.658000000000001	104.25	106.849999999999994	5239300
1045	TWLO	2019-02-14 00:00:00	105.469999999999999	108.549999999999997	103.25	107.269999999999996	9540200
1046	TWLO	2019-02-13 00:00:00	114.189999999999998	116.890000000000001	105.599999999999994	106.870000000000005	19247600
1047	TWLO	2019-02-12 00:00:00	115.75	116.670000000000002	114.459999999999994	115.290000000000006	6914400
1048	TWLO	2019-02-11 00:00:00	118.5	119	113.709999999999994	115.75	6263700
1049	TWLO	2019-02-08 00:00:00	108.879999999999995	114.915999999999997	108.799999999999997	114.780000000000001	3163500
1050	TWLO	2019-02-07 00:00:00	111.5	111.537999999999997	108.260000000000005	110.120000000000005	3291300
1051	TWLO	2019-02-06 00:00:00	114.126900000000006	114.989999999999995	109.400000000000006	113.340000000000003	2603800
1052	TWLO	2019-02-05 00:00:00	113.819999999999993	116.540000000000006	113.010000000000005	113.890000000000001	3850700
1053	TWLO	2019-02-04 00:00:00	113.140000000000001	114.659999999999997	112.400000000000006	113.379999999999995	3008400
1054	TWLO	2019-02-01 00:00:00	111.311700000000002	113.5	110.263999999999996	112.879999999999995	4419100
1055	TWLO	2019-01-31 00:00:00	103.806200000000004	113.325000000000003	103.799999999999997	111.319999999999993	7323200
1056	TWLO	2019-01-30 00:00:00	101.079999999999998	104.030000000000001	99.7950000000000017	103.819999999999993	2568000
1057	TWLO	2019-01-29 00:00:00	102.879999999999995	103.060000000000002	99.1200000000000045	99.2999999999999972	2295400
1058	TWLO	2019-01-28 00:00:00	102.900000000000006	103.329999999999998	99.9000000000000057	102.159999999999997	2317100
1059	TWLO	2019-01-25 00:00:00	102.099999999999994	105.489999999999995	101.879999999999995	104.180000000000007	2606900
1060	TWLO	2019-01-24 00:00:00	100.409999999999997	102.430000000000007	100.242000000000004	101.549999999999997	2313500
1061	TWLO	2019-01-23 00:00:00	101.329999999999998	103.25	99.0600000000000023	100.400000000000006	2954600
1062	TWLO	2019-01-22 00:00:00	104.019999999999996	104.049999999999997	98.4039999999999964	99.519999999999996	3935400
1063	TWLO	2019-01-18 00:00:00	103.980000000000004	106	101.359999999999999	105.319999999999993	4084300
1064	TWLO	2019-01-17 00:00:00	100.109999999999999	104.117199999999997	99.230000000000004	102.109999999999999	4631600
1065	TWLO	2019-01-16 00:00:00	102	103.75	97.5900000000000034	99.9699999999999989	4707500
1066	TWLO	2019-01-15 00:00:00	98.5143000000000058	101.825000000000003	97.3610000000000042	100.450000000000003	3474100
1067	TWLO	2019-01-14 00:00:00	95.1200000000000045	98.7999999999999972	94.0300000000000011	97.7600000000000051	3685900
1068	TWLO	2019-01-11 00:00:00	96	101.700000000000003	95.6380000000000052	96.8299999999999983	6437300
1069	TWLO	2019-01-10 00:00:00	94.8700000000000045	97.8499999999999943	93.5699999999999932	96.2000000000000028	2227600
1070	TWLO	2019-01-09 00:00:00	97.5	98.0600000000000023	94.75	96.4099999999999966	2535500
1071	TWLO	2019-01-08 00:00:00	98.6400000000000006	100.950000000000003	92.5799999999999983	97.5999999999999943	5503300
1072	TWLO	2019-01-07 00:00:00	91.3100000000000023	99.4000000000000057	91.25	96.980000000000004	8586000
1073	TWLO	2019-01-04 00:00:00	84.2199999999999989	89.4000000000000057	83.2000000000000028	88.5499999999999972	3718600
1074	TWLO	2019-01-03 00:00:00	85.0600000000000023	86.480000000000004	80.1299999999999955	81.25	4789300
1075	TWLO	2019-01-02 00:00:00	87.4500000000000028	88.9599999999999937	84.0999999999999943	86.9699999999999989	3818500
1076	AAPL	2019-11-06 00:00:00	256.769999999999982	257.490000000000009	255.365000000000009	257.240000000000009	16916993
1077	AAPL	2019-11-05 00:00:00	257.050000000000011	258.189999999999998	256.319999999999993	257.129999999999995	19942900
1078	AAPL	2019-11-04 00:00:00	257.329999999999984	257.850000000000023	255.379999999999995	257.5	25553100
1079	AAPL	2019-11-01 00:00:00	249.539999999999992	255.930000000000007	249.159999999999997	255.819999999999993	37738700
1080	AAPL	2019-10-31 00:00:00	247.240000000000009	249.169999999999987	237.259999999999991	248.759999999999991	34766600
1081	AAPL	2019-10-30 00:00:00	244.759999999999991	245.300000000000011	241.210000000000008	243.259999999999991	30950600
1082	AAPL	2019-10-29 00:00:00	248.969999999999999	249.75	242.569999999999993	243.289999999999992	35660100
1083	AAPL	2019-10-28 00:00:00	247.419999999999987	249.25	246.719999999999999	249.050000000000011	24143200
1084	AAPL	2019-10-25 00:00:00	243.159999999999997	246.72999999999999	242.879999999999995	246.580000000000013	18330500
1085	AAPL	2019-10-24 00:00:00	244.509999999999991	244.800000000000011	241.810000000000002	243.580000000000013	17318800
1086	AAPL	2019-10-23 00:00:00	242.099999999999994	243.240000000000009	241.219999999999999	243.180000000000007	18957200
1087	AAPL	2019-10-22 00:00:00	241.159999999999997	242.199999999999989	239.620000000000005	239.960000000000008	20573400
1088	AAPL	2019-10-21 00:00:00	237.52000000000001	240.990000000000009	237.319999999999993	240.509999999999991	21811800
1089	AAPL	2019-10-18 00:00:00	234.590000000000003	237.580000000000013	234.289999999999992	236.409999999999997	24358400
1090	AAPL	2019-10-17 00:00:00	235.090000000000003	236.150000000000006	233.52000000000001	235.280000000000001	16896300
1091	AAPL	2019-10-16 00:00:00	233.370000000000005	235.240000000000009	233.199999999999989	234.370000000000005	18475800
1092	AAPL	2019-10-15 00:00:00	236.389999999999986	237.650000000000006	234.879999999999995	235.319999999999993	21840000
1093	AAPL	2019-10-14 00:00:00	234.900000000000006	238.129999999999995	234.669999999999987	235.870000000000005	24106900
1094	AAPL	2019-10-11 00:00:00	232.949999999999989	237.639999999999986	232.310000000000002	236.210000000000008	41698900
1095	AAPL	2019-10-10 00:00:00	227.930000000000007	230.439999999999998	227.300000000000011	230.090000000000003	28253400
1096	AAPL	2019-10-09 00:00:00	227.030000000000001	227.789999999999992	225.639999999999986	227.030000000000001	18692600
1097	AAPL	2019-10-08 00:00:00	225.819999999999993	228.060000000000002	224.330000000000013	224.400000000000006	27955000
1098	AAPL	2019-10-07 00:00:00	226.27000000000001	229.930000000000007	225.840000000000003	227.060000000000002	30576500
1099	AAPL	2019-10-04 00:00:00	225.639999999999986	227.490000000000009	223.889999999999986	227.009999999999991	34619700
1100	AAPL	2019-10-03 00:00:00	218.430000000000007	220.960000000000008	215.129999999999995	220.819999999999993	28606500
1101	AAPL	2019-10-02 00:00:00	223.060000000000002	223.580000000000013	217.930000000000007	218.960000000000008	34612300
1102	AAPL	2019-10-01 00:00:00	225.069999999999993	228.219999999999999	224.199999999999989	224.590000000000003	34805800
1103	AAPL	2019-09-30 00:00:00	220.900000000000006	224.580000000000013	220.789999999999992	223.969999999999999	25977400
1104	AAPL	2019-09-27 00:00:00	220.539999999999992	220.960000000000008	217.280000000000001	218.819999999999993	25352000
1105	AAPL	2019-09-26 00:00:00	220	220.939999999999998	218.830000000000013	219.889999999999986	18833500
1106	AAPL	2019-09-25 00:00:00	218.550000000000011	221.5	217.139999999999986	221.030000000000001	21903400
1107	AAPL	2019-09-24 00:00:00	221.030000000000001	222.490000000000009	217.189999999999998	217.680000000000007	31190800
1108	AAPL	2019-09-23 00:00:00	218.949999999999989	219.840000000000003	217.650000000000006	218.719999999999999	19165500
1109	AAPL	2019-09-20 00:00:00	221.379999999999995	222.560000000000002	217.469999999999999	217.72999999999999	55413100
1110	AAPL	2019-09-19 00:00:00	222.009999999999991	223.759999999999991	220.370000000000005	220.960000000000008	22060600
1111	AAPL	2019-09-18 00:00:00	221.060000000000002	222.849999999999994	219.439999999999998	222.77000000000001	25340000
1112	AAPL	2019-09-17 00:00:00	219.960000000000008	220.819999999999993	219.120000000000005	220.699999999999989	18318700
1113	AAPL	2019-09-16 00:00:00	217.72999999999999	220.129999999999995	217.560000000000002	219.900000000000006	21158100
1114	AAPL	2019-09-13 00:00:00	220	220.789999999999992	217.02000000000001	218.75	39763300
1115	AAPL	2019-09-12 00:00:00	224.800000000000011	226.419999999999987	222.860000000000014	223.090000000000003	32226700
1116	AAPL	2019-09-11 00:00:00	218.069999999999993	223.710000000000008	217.72999999999999	223.590000000000003	44289600
1117	AAPL	2019-09-10 00:00:00	213.860000000000014	216.780000000000001	211.710000000000008	216.699999999999989	31777900
1118	AAPL	2019-09-09 00:00:00	214.840000000000003	216.439999999999998	211.069999999999993	214.169999999999987	27309400
1119	AAPL	2019-09-06 00:00:00	214.050000000000011	214.419999999999987	212.509999999999991	213.259999999999991	19362300
1120	AAPL	2019-09-05 00:00:00	212	213.969999999999999	211.509999999999991	213.280000000000001	23913700
1121	AAPL	2019-09-04 00:00:00	208.389999999999986	209.47999999999999	207.319999999999993	209.189999999999998	19188100
1122	AAPL	2019-09-03 00:00:00	206.430000000000007	206.97999999999999	204.219999999999999	205.699999999999989	20023000
1123	AAPL	2019-08-30 00:00:00	210.159999999999997	210.449999999999989	207.199999999999989	208.740000000000009	21143400
1124	AAPL	2019-08-29 00:00:00	208.5	209.319999999999993	206.659999999999997	209.009999999999991	20990500
1125	AAPL	2019-08-28 00:00:00	204.099999999999994	205.719999999999999	203.319999999999993	205.530000000000001	15938800
1126	AAPL	2019-08-27 00:00:00	207.860000000000014	208.550000000000011	203.530000000000001	204.159999999999997	25873300
1127	AAPL	2019-08-26 00:00:00	205.860000000000014	207.189999999999998	205.060000000000002	206.490000000000009	26043600
1128	AAPL	2019-08-23 00:00:00	209.430000000000007	212.050000000000011	201	202.639999999999986	46818000
1129	AAPL	2019-08-22 00:00:00	213.189999999999998	214.439999999999998	210.75	212.460000000000008	22253700
1130	AAPL	2019-08-21 00:00:00	212.990000000000009	213.650000000000006	211.599999999999994	212.639999999999986	21535400
1131	AAPL	2019-08-20 00:00:00	210.879999999999995	213.349999999999994	210.319999999999993	210.360000000000014	26884300
1132	AAPL	2019-08-19 00:00:00	210.620000000000005	212.72999999999999	210.030000000000001	210.349999999999994	24413600
1133	AAPL	2019-08-16 00:00:00	204.280000000000001	207.159999999999997	203.840000000000003	206.5	27620400
1134	AAPL	2019-08-15 00:00:00	203.460000000000008	205.139999999999986	199.669999999999987	201.740000000000009	27227400
1135	AAPL	2019-08-14 00:00:00	203.159999999999997	206.439999999999998	202.590000000000003	202.75	36547400
1136	AAPL	2019-08-13 00:00:00	201.02000000000001	212.139999999999986	200.830000000000013	208.969999999999999	47218500
1137	AAPL	2019-08-12 00:00:00	199.620000000000005	202.051999999999992	199.150000000000006	200.47999999999999	22481900
1138	AAPL	2019-08-09 00:00:00	201.300000000000011	202.759999999999991	199.289999999999992	200.990000000000009	24619700
1139	AAPL	2019-08-08 00:00:00	200.199999999999989	203.530000000000001	199.389999999999986	203.430000000000007	27009500
1140	AAPL	2019-08-07 00:00:00	195.409999999999997	199.560000000000002	193.819999999999993	199.039999999999992	33364400
1141	AAPL	2019-08-06 00:00:00	196.310000000000002	198.069999999999993	194.039999999999992	197	35824800
1142	AAPL	2019-08-05 00:00:00	197.990000000000009	198.650000000000006	192.580000000000013	193.340000000000003	52393000
1143	AAPL	2019-08-02 00:00:00	205.530000000000001	206.430000000000007	201.62469999999999	204.02000000000001	40862100
1144	AAPL	2019-08-01 00:00:00	213.900000000000006	218.030000000000001	206.740000000000009	208.430000000000007	54017900
1145	AAPL	2019-07-31 00:00:00	216.419999999999987	221.370000000000005	211.300000000000011	213.039999999999992	69281400
1146	AAPL	2019-07-30 00:00:00	208.759999999999991	210.159999999999997	207.310000000000002	208.780000000000001	33935700
1147	AAPL	2019-07-29 00:00:00	208.460000000000008	210.639999999999986	208.439999999999998	209.680000000000007	21673400
1148	AAPL	2019-07-26 00:00:00	207.47999999999999	209.72999999999999	207.139999999999986	207.740000000000009	17618900
1149	AAPL	2019-07-25 00:00:00	208.889999999999986	209.240000000000009	206.72999999999999	207.02000000000001	13909600
1150	AAPL	2019-07-24 00:00:00	207.669999999999987	209.150000000000006	207.169999999999987	208.669999999999987	14991600
1151	AAPL	2019-07-23 00:00:00	208.460000000000008	208.909999999999997	207.289999999999992	208.840000000000003	18355200
1152	AAPL	2019-07-22 00:00:00	203.650000000000006	207.22999999999999	203.610000000000014	207.219999999999999	22277900
1153	AAPL	2019-07-19 00:00:00	205.789999999999992	206.5	202.360000000000014	202.590000000000003	20929300
1154	AAPL	2019-07-18 00:00:00	204	205.879999999999995	203.699999999999989	205.659999999999997	18540600
1155	AAPL	2019-07-17 00:00:00	204.050000000000011	205.090000000000003	203.27000000000001	203.349999999999994	14107500
1156	AAPL	2019-07-16 00:00:00	204.590000000000003	206.110000000000014	203.5	204.5	16866800
1157	AAPL	2019-07-15 00:00:00	204.090000000000003	205.870000000000005	204	205.210000000000008	16947400
1158	AAPL	2019-07-12 00:00:00	202.449999999999989	203.9983	202.199999999999989	203.300000000000011	17595200
1159	AAPL	2019-07-11 00:00:00	203.313700000000011	204.389999999999986	201.710000000000008	201.75	20191800
1160	AAPL	2019-07-10 00:00:00	201.849999999999994	203.72999999999999	201.567900000000009	203.22999999999999	17897100
1161	AAPL	2019-07-09 00:00:00	199.199999999999989	201.509999999999991	198.810000000000002	201.240000000000009	20578000
1162	AAPL	2019-07-08 00:00:00	200.810000000000002	201.400000000000006	198.409999999999997	200.02000000000001	25338600
1163	AAPL	2019-07-05 00:00:00	203.349999999999994	205.080000000000013	202.885600000000011	204.22999999999999	17265500
1164	AAPL	2019-07-03 00:00:00	203.280000000000001	204.439999999999998	202.689999999999998	204.409999999999997	11362000
1165	AAPL	2019-07-02 00:00:00	201.409999999999997	203.132000000000005	201.360000000000014	202.72999999999999	16935200
1166	AAPL	2019-07-01 00:00:00	203.169999999999987	204.490000000000009	200.650000000000006	201.550000000000011	27253000
1167	AAPL	2019-06-28 00:00:00	198.680000000000007	199.495000000000005	197.050000000000011	197.919999999999987	31110600
1168	AAPL	2019-06-27 00:00:00	200.289999999999992	201.569999999999993	199.569999999999993	199.740000000000009	20899700
1169	AAPL	2019-06-26 00:00:00	197.77000000000001	200.990000000000009	197.349400000000003	199.800000000000011	26067500
1170	AAPL	2019-06-25 00:00:00	198.430000000000007	199.259999999999991	195.289999999999992	195.569999999999993	21070300
1171	AAPL	2019-06-24 00:00:00	198.539999999999992	200.159999999999997	198.169999999999987	198.580000000000013	18220400
1172	AAPL	2019-06-21 00:00:00	198.800000000000011	200.849999999999994	198.150000000000006	198.780000000000001	47800600
1173	AAPL	2019-06-20 00:00:00	200.354299999999995	200.610000000000014	198.030000000000001	199.460000000000008	21514000
1174	AAPL	2019-06-19 00:00:00	199.680000000000007	199.879999999999995	197.305700000000002	197.870000000000005	21124200
1175	AAPL	2019-06-18 00:00:00	196.050000000000011	200.289999999999992	195.210000000000008	198.449999999999989	26551000
1176	AAPL	2019-06-17 00:00:00	192.900000000000006	194.955299999999994	192.169999999999987	193.889999999999986	14669100
1177	AAPL	2019-06-14 00:00:00	191.538399999999996	193.586000000000013	190.300000000000011	192.740000000000009	18761500
1178	AAPL	2019-06-13 00:00:00	194.699999999999989	196.789999999999992	193.599999999999994	194.150000000000006	21674600
1179	AAPL	2019-06-12 00:00:00	193.949099999999987	195.969999999999999	193.384999999999991	194.189999999999998	18253200
1180	AAPL	2019-06-11 00:00:00	194.860000000000014	196	193.599999999999994	194.810000000000002	26932900
1181	AAPL	2019-06-10 00:00:00	191.810000000000002	195.370000000000005	191.620000000000005	192.580000000000013	26220900
1182	AAPL	2019-06-07 00:00:00	186.509999999999991	191.919999999999987	185.77000000000001	190.150000000000006	30684400
1183	AAPL	2019-06-06 00:00:00	183.080000000000013	185.469999999999999	182.149000000000001	185.219999999999999	22526300
1184	AAPL	2019-06-05 00:00:00	184.280000000000001	184.990000000000009	181.139999999999986	182.539999999999992	29773400
1185	AAPL	2019-06-04 00:00:00	175.439999999999998	179.830000000000013	174.52000000000001	179.639999999999986	30968000
1186	AAPL	2019-06-03 00:00:00	175.599999999999994	177.919999999999987	170.27000000000001	173.300000000000011	40396100
1187	AAPL	2019-05-31 00:00:00	176.238599999999991	177.990000000000009	174.990000000000009	175.069999999999993	27043600
1188	AAPL	2019-05-30 00:00:00	177.949999999999989	179.22999999999999	176.669999999999987	178.300000000000011	21218400
1189	AAPL	2019-05-29 00:00:00	176.419999999999987	179.349999999999994	176	177.379999999999995	28481200
1190	AAPL	2019-05-28 00:00:00	178.919999999999987	180.582300000000004	177.909999999999997	178.22999999999999	27948200
1191	AAPL	2019-05-24 00:00:00	180.191200000000009	182.139999999999986	178.620000000000005	178.969999999999999	23714700
1192	AAPL	2019-05-23 00:00:00	179.800000000000011	180.539999999999992	177.810000000000002	179.659999999999997	36529700
1193	AAPL	2019-05-22 00:00:00	184.659999999999997	185.710000000000008	182.550000000000011	182.780000000000001	29748600
1194	AAPL	2019-05-21 00:00:00	185.219999999999999	188	184.706600000000009	186.599999999999994	28364800
1195	AAPL	2019-05-20 00:00:00	183.52000000000001	184.34899999999999	180.283999999999992	183.090000000000003	38612300
1196	AAPL	2019-05-17 00:00:00	186.930000000000007	190.900000000000006	186.759999999999991	189	32879100
1197	AAPL	2019-05-16 00:00:00	189.909999999999997	192.468999999999994	188.840000000000003	190.080000000000013	33031400
1198	AAPL	2019-05-15 00:00:00	186.27000000000001	191.75	186.02000000000001	190.919999999999987	26544700
1199	AAPL	2019-05-14 00:00:00	186.409999999999997	189.699999999999989	185.409999999999997	188.659999999999997	36529700
1200	AAPL	2019-05-13 00:00:00	187.716700000000003	189.47999999999999	182.849999999999994	185.719999999999999	57430600
1201	AAPL	2019-05-10 00:00:00	197.419000000000011	198.843999999999994	192.77000000000001	197.180000000000007	41208700
1202	AAPL	2019-05-09 00:00:00	200.391600000000011	201.680000000000007	196.659999999999997	200.719999999999999	34908600
1203	AAPL	2019-05-08 00:00:00	201.895800000000008	205.340000000000003	201.75	202.900000000000006	26339500
1204	AAPL	2019-05-07 00:00:00	205.879999999999995	207.417000000000002	200.824999999999989	202.860000000000014	38763700
1205	AAPL	2019-05-06 00:00:00	204.289999999999992	208.840000000000003	203.487099999999998	208.47999999999999	32443100
1206	AAPL	2019-05-03 00:00:00	210.889999999999986	211.840000000000003	210.22999999999999	211.75	20892400
1207	AAPL	2019-05-02 00:00:00	209.840000000000003	212.650000000000006	208.129999999999995	209.150000000000006	31996300
1208	AAPL	2019-05-01 00:00:00	209.879999999999995	215.310000000000002	209.22999999999999	210.52000000000001	64827300
1209	AAPL	2019-04-30 00:00:00	203.060000000000002	203.400000000000006	199.110000000000014	200.669999999999987	46534900
1210	AAPL	2019-04-29 00:00:00	204.400000000000006	205.969999999999999	203.860000000000014	204.610000000000014	22204700
1211	AAPL	2019-04-26 00:00:00	204.900000000000006	205	202.120000000000005	204.300000000000011	18649100
1212	AAPL	2019-04-25 00:00:00	206.830000000000013	207.782000000000011	205.120000000000005	205.280000000000001	18543200
1213	AAPL	2019-04-24 00:00:00	207.360000000000014	208.47999999999999	207.050000000000011	207.159999999999997	17540600
1214	AAPL	2019-04-23 00:00:00	204.430000000000007	207.75	203.900000000000006	207.47999999999999	23323000
1215	AAPL	2019-04-22 00:00:00	202.830000000000013	204.925900000000013	202.340000000000003	204.530000000000001	19439500
1216	AAPL	2019-04-18 00:00:00	203.120000000000005	204.150000000000006	202.52000000000001	203.860000000000014	24195800
1217	AAPL	2019-04-17 00:00:00	199.539999999999992	203.379999999999995	198.610000000000014	203.129999999999995	28906800
1218	AAPL	2019-04-16 00:00:00	199.461399999999998	201.370000000000005	198.560000000000002	199.25	25696400
1219	AAPL	2019-04-15 00:00:00	198.580000000000013	199.849999999999994	198.009999999999991	199.22999999999999	17536600
1220	AAPL	2019-04-12 00:00:00	199.199999999999989	200.139999999999986	196.210000000000008	198.870000000000005	27760700
1221	AAPL	2019-04-11 00:00:00	200.849999999999994	201	198.443000000000012	198.949999999999989	20900800
1222	AAPL	2019-04-10 00:00:00	198.676099999999991	200.740000000000009	198.180000000000007	200.620000000000005	21695300
1223	AAPL	2019-04-09 00:00:00	200.319999999999993	202.849999999999994	199.22999999999999	199.5	35768200
1224	AAPL	2019-04-08 00:00:00	196.419999999999987	200.22999999999999	196.340000000000003	200.099999999999994	25881700
1225	AAPL	2019-04-05 00:00:00	196.449999999999989	197.099999999999994	195.930000000000007	197	18526600
1226	AAPL	2019-04-04 00:00:00	194.789999999999992	196.371399999999994	193.139999999999986	195.689999999999998	19114300
1227	AAPL	2019-04-03 00:00:00	193.25	196.5	193.150000000000006	195.349999999999994	23271800
1228	AAPL	2019-04-02 00:00:00	191.090000000000003	194.460000000000008	191.050000000000011	194.02000000000001	22765700
1229	AAPL	2019-04-01 00:00:00	191.639999999999986	191.680000000000007	188.379999999999995	191.240000000000009	27862000
1230	AAPL	2019-03-29 00:00:00	189.830000000000013	190.079900000000009	188.539999999999992	189.949999999999989	23564000
1231	AAPL	2019-03-28 00:00:00	188.949999999999989	189.558999999999997	187.530000000000001	188.719999999999999	20780400
1232	AAPL	2019-03-27 00:00:00	188.75	189.759999999999991	186.550000000000011	188.469999999999999	29848400
1233	AAPL	2019-03-26 00:00:00	191.663999999999987	192.879999999999995	184.580000000000013	186.789999999999992	49800500
1234	AAPL	2019-03-25 00:00:00	191.509999999999991	191.97999999999999	186.599999999999994	188.740000000000009	43845300
1235	AAPL	2019-03-22 00:00:00	195.340000000000003	197.689999999999998	190.780000000000001	191.050000000000011	42407700
1236	AAPL	2019-03-21 00:00:00	190.02000000000001	196.330000000000013	189.810000000000002	195.090000000000003	51034200
1237	AAPL	2019-03-20 00:00:00	186.22999999999999	189.495699999999999	184.72999999999999	188.159999999999997	31035200
1238	AAPL	2019-03-19 00:00:00	188.349999999999994	188.990000000000009	185.919999999999987	186.530000000000001	31646400
1239	AAPL	2019-03-18 00:00:00	185.800000000000011	188.389999999999986	185.789999999999992	188.02000000000001	26219800
1240	AAPL	2019-03-15 00:00:00	184.842700000000008	187.330000000000013	183.740000000000009	186.120000000000005	39042900
1241	AAPL	2019-03-14 00:00:00	183.900000000000006	184.099999999999994	182.560000000000002	183.72999999999999	23579500
1242	AAPL	2019-03-13 00:00:00	182.25	183.300000000000011	180.919999999999987	181.710000000000008	31032500
1243	AAPL	2019-03-12 00:00:00	180	182.669999999999987	179.370000000000005	180.909999999999997	32467600
1244	AAPL	2019-03-11 00:00:00	175.490000000000009	179.120000000000005	175.349999999999994	178.900000000000006	32011000
1245	AAPL	2019-03-08 00:00:00	170.319999999999993	173.069999999999993	169.5	172.909999999999997	23999400
1246	AAPL	2019-03-07 00:00:00	173.870000000000005	174.439999999999998	172.02000000000001	172.5	24796400
1247	AAPL	2019-03-06 00:00:00	174.668800000000005	175.490000000000009	173.939999999999998	174.52000000000001	20810400
1248	AAPL	2019-03-05 00:00:00	175.939999999999998	176	174.539999999999992	175.530000000000001	19737400
1249	AAPL	2019-03-04 00:00:00	175.689999999999998	177.75	173.969999999999999	175.849999999999994	27436200
1250	AAPL	2019-03-01 00:00:00	174.280000000000001	175.150000000000006	172.889999999999986	174.969999999999999	25886200
1251	AAPL	2019-02-28 00:00:00	174.319999999999993	174.909999999999997	172.919999999999987	173.150000000000006	28215400
1252	AAPL	2019-02-27 00:00:00	173.210000000000008	175	172.72999999999999	174.870000000000005	27835400
1253	AAPL	2019-02-26 00:00:00	173.710000000000008	175.300000000000011	173.173000000000002	174.330000000000013	17070200
1254	AAPL	2019-02-25 00:00:00	174.159999999999997	175.870000000000005	173.949999999999989	174.22999999999999	21873400
1255	AAPL	2019-02-22 00:00:00	171.580000000000013	173	171.379999999999995	172.969999999999999	18913200
1256	AAPL	2019-02-21 00:00:00	171.800000000000011	172.370000000000005	170.300000000000011	171.060000000000002	17249700
1257	AAPL	2019-02-20 00:00:00	171.189999999999998	173.319999999999993	170.990000000000009	172.030000000000001	26114400
1258	AAPL	2019-02-19 00:00:00	169.710000000000008	171.439999999999998	169.490000000000009	170.930000000000007	18972800
1259	AAPL	2019-02-15 00:00:00	171.25	171.699999999999989	169.75	170.419999999999987	24626800
1260	AAPL	2019-02-14 00:00:00	169.710000000000008	171.271500000000003	169.379999999999995	170.800000000000011	21835700
1261	AAPL	2019-02-13 00:00:00	171.389999999999986	172.47999999999999	169.919999999999987	170.180000000000007	22490200
1262	AAPL	2019-02-12 00:00:00	170.099999999999994	171	169.699999999999989	170.889999999999986	22283500
1263	AAPL	2019-02-11 00:00:00	171.050000000000011	171.210000000000008	169.25	169.430000000000007	20993400
1264	AAPL	2019-02-08 00:00:00	168.990000000000009	170.659999999999997	168.419999999999987	170.409999999999997	23820000
1265	AAPL	2019-02-07 00:00:00	172.400000000000006	173.939999999999998	170.340000000000003	170.939999999999998	31741700
1266	AAPL	2019-02-06 00:00:00	174.650000000000006	175.569999999999993	172.853000000000009	174.240000000000009	28239600
1267	AAPL	2019-02-05 00:00:00	172.860000000000014	175.080000000000013	172.348899999999986	174.180000000000007	36101600
1268	AAPL	2019-02-04 00:00:00	167.409999999999997	171.655000000000001	167.277600000000007	171.25	31495500
1269	AAPL	2019-02-01 00:00:00	166.960000000000008	168.97999999999999	165.933300000000003	166.52000000000001	32668100
1270	AAPL	2019-01-31 00:00:00	166.110000000000014	169	164.560000000000002	166.439999999999998	40739600
1271	AAPL	2019-01-30 00:00:00	163.25	166.150000000000006	160.22999999999999	165.25	61109800
1272	AAPL	2019-01-29 00:00:00	156.25	158.129999999999995	154.110000000000014	154.680000000000007	41587200
1273	AAPL	2019-01-28 00:00:00	155.789999999999992	156.330000000000013	153.659999999999997	156.300000000000011	26192100
1274	AAPL	2019-01-25 00:00:00	155.47999999999999	158.129999999999995	154.319999999999993	157.759999999999991	33535500
1275	AAPL	2019-01-24 00:00:00	154.110000000000014	154.47999999999999	151.740000000000009	152.699999999999989	25441500
1276	AAPL	2019-01-23 00:00:00	154.149799999999999	155.139999999999986	151.699999999999989	153.919999999999987	23130600
1277	AAPL	2019-01-22 00:00:00	156.409999999999997	156.740199999999987	152.620000000000005	153.300000000000011	30394000
1278	AAPL	2019-01-18 00:00:00	157.5	157.879999999999995	155.980999999999995	156.819999999999993	33751000
1279	AAPL	2019-01-17 00:00:00	154.199999999999989	157.659999999999997	153.259999999999991	155.860000000000014	29821200
1280	AAPL	2019-01-16 00:00:00	153.080000000000013	155.879999999999995	153	154.939999999999998	30569700
1281	AAPL	2019-01-15 00:00:00	150.258199999999988	153.389999999999986	150.050000000000011	153.069999999999993	28710900
1282	AAPL	2019-01-14 00:00:00	150.849999999999994	151.27000000000001	149.219999999999999	150	32439200
1283	AAPL	2019-01-11 00:00:00	152.879999999999995	153.699999999999989	151.509999999999991	152.289999999999992	27023200
1284	AAPL	2019-01-10 00:00:00	152.5	153.969999999999999	150.860000000000014	153.800000000000011	35780700
1285	AAPL	2019-01-09 00:00:00	151.289999999999992	154.530000000000001	149.629999999999995	153.310000000000002	45099100
1286	AAPL	2019-01-08 00:00:00	149.560000000000002	151.819999999999993	148.52000000000001	150.75	41025300
1287	AAPL	2019-01-07 00:00:00	148.699999999999989	148.830000000000013	145.900000000000006	147.930000000000007	54777800
1288	AAPL	2019-01-04 00:00:00	144.530000000000001	148.550000000000011	143.800000000000011	148.259999999999991	58607100
1289	AAPL	2019-01-03 00:00:00	143.989200000000011	145.719999999999999	142	142.189999999999998	91312200
1290	AAPL	2019-01-02 00:00:00	154.889999999999986	158.849999999999994	154.22999999999999	157.919999999999987	37039700
\.


--
-- Data for Name: user_companies; Type: TABLE DATA; Schema: public; Owner: vagrant
--

COPY public.user_companies (user_comp_id, user_id, ticker) FROM stdin;
46	12	AAPL
47	12	PYPl
48	12	AAPL
49	12	AAPL
50	12	AAPL
51	12	AAPL
52	12	AAPL
53	12	AAPL
54	12	AAPL
55	12	AAPL
56	12	AAPL
57	12	AAPL
58	12	AAPL
59	12	AAPL
60	12	AAPL
61	12	AAPL
62	12	AAPL
63	12	AAPL
64	12	AAPL
65	12	MSFT
66	12	AAPL
67	12	AAPL
68	12	AAPL
69	12	AAPL
70	12	AAPL
71	12	AAPL
72	12	AAPL
73	12	AAPL
74	12	AAPL
75	12	AAPL
76	12	AAPL
77	12	AAPL
78	12	AAPL
\.


--
-- Data for Name: users; Type: TABLE DATA; Schema: public; Owner: vagrant
--

COPY public.users (user_id, fname, lname, email, password) FROM stdin;
1	Linh	Pham	linh.pham@mail.com	12345
2	Jimmy	Pham	Jpham@mail.com	123456
5	Nikki	Smith	Nik@mail.com	12345
8	Julie 	Perito	Julie@mail.com	12345
9	Linh	Pham	linda@mail.com	12345
10	linh	pham	l@mail.com	12345
11	linh	pham	l@mail.com	12345
12	Andy	Smith	A@mail.com	12345
\.


--
-- Name: daily_prices_price_id_seq; Type: SEQUENCE SET; Schema: public; Owner: vagrant
--

SELECT pg_catalog.setval('public.daily_prices_price_id_seq', 1290, true);


--
-- Name: user_companies_user_comp_id_seq; Type: SEQUENCE SET; Schema: public; Owner: vagrant
--

SELECT pg_catalog.setval('public.user_companies_user_comp_id_seq', 78, true);


--
-- Name: users_user_id_seq; Type: SEQUENCE SET; Schema: public; Owner: vagrant
--

SELECT pg_catalog.setval('public.users_user_id_seq', 12, true);


--
-- Name: companies companies_pkey; Type: CONSTRAINT; Schema: public; Owner: vagrant
--

ALTER TABLE ONLY public.companies
    ADD CONSTRAINT companies_pkey PRIMARY KEY (ticker);


--
-- Name: daily_prices daily_prices_pkey; Type: CONSTRAINT; Schema: public; Owner: vagrant
--

ALTER TABLE ONLY public.daily_prices
    ADD CONSTRAINT daily_prices_pkey PRIMARY KEY (price_id);


--
-- Name: user_companies user_companies_pkey; Type: CONSTRAINT; Schema: public; Owner: vagrant
--

ALTER TABLE ONLY public.user_companies
    ADD CONSTRAINT user_companies_pkey PRIMARY KEY (user_comp_id);


--
-- Name: users users_pkey; Type: CONSTRAINT; Schema: public; Owner: vagrant
--

ALTER TABLE ONLY public.users
    ADD CONSTRAINT users_pkey PRIMARY KEY (user_id);


--
-- Name: daily_prices daily_prices_ticker_fkey; Type: FK CONSTRAINT; Schema: public; Owner: vagrant
--

ALTER TABLE ONLY public.daily_prices
    ADD CONSTRAINT daily_prices_ticker_fkey FOREIGN KEY (ticker) REFERENCES public.companies(ticker);


--
-- Name: user_companies user_companies_ticker_fkey; Type: FK CONSTRAINT; Schema: public; Owner: vagrant
--

ALTER TABLE ONLY public.user_companies
    ADD CONSTRAINT user_companies_ticker_fkey FOREIGN KEY (ticker) REFERENCES public.companies(ticker);


--
-- Name: user_companies user_companies_user_id_fkey; Type: FK CONSTRAINT; Schema: public; Owner: vagrant
--

ALTER TABLE ONLY public.user_companies
    ADD CONSTRAINT user_companies_user_id_fkey FOREIGN KEY (user_id) REFERENCES public.users(user_id);


--
-- PostgreSQL database dump complete
--

